event_id,target_name,ratio_type,C,R,P_acq,stock_val,spread,pi_cash,pi_cash_source,f_cash,deal_outcome_label
E000000_20171214_TFCF_Corp__Walt_Disney_Co_The,TFCF Corp,floating,38.0,,112.47,,,0.5,default_5050,,completed
E000001_20220526_VMware_Inc__Broadcom_Inc,VMware Inc,floating,142.5,,509.09,,,0.5,cash_cap,,completed
E000002_20091103_Burlington_Northern_Santa_Fe_LLC__Berkshire_Hathaway_Inc,Burlington Northern Santa Fe LLC,floating,100.0,,114000.0,,,0.6,cash_cap,0.4085,completed
E000003_20150528_Broadcom_Corp__Avago_Technologies_Ltd,Broadcom Corp,floating,54.5,,53.69,,,0.5,default_5050,0.306,completed
E000004_20180430_Andeavor__Marathon_Petroleum_Corp,Andeavor,floating,152.27,,79.55,,,0.5,default_5050,,completed
E000005_20160125_Johnson_Controls_Inc__Johnson_Controls_International_plc,Johnson Controls Inc,fixed,34.88,1.0,35.77,35.77,-0.8900000000000006,0.5,default_5050,0.011,completed
E000006_20190624_Caesars_Holdings_Inc__Caesars_Entertainment_Inc,Caesars Holdings Inc,floating,12.41,,11.95,,,0.5,default_5050,,completed
E000007_20260419_TopBuild_Corp__QXO_Inc,TopBuild Corp,floating,505.0,,,,,0.45,cash_cap,,completed
E000008_20230412_Triton_International_Ltd_Bermuda__Brookfield_Infrastructure_Corp,Triton International Ltd/Bermuda,floating,68.5,,45.95,,,0.5,default_5050,,completed
E000009_20220504_Black_Knight_Inc__Intercontinental_Exchange_Inc,Black Knight Inc,floating,68.0,,100.94,,,0.5,default_5050,0.39,completed
E000010_20121220_NYSE_Euronext__Intercontinental_Exchange_Inc,NYSE Euronext,fixed,33.12,1.0,133.33,133.33,-100.21,0.5,default_5050,,completed
E000011_20090420_Pepsi_Bottling_Group_Inc_The__PepsiCo_Inc,Pepsi Bottling Group Inc/The,floating,36.5,,52.06,,,0.5,cash_cap,0.011,completed
E000012_20131023_Cole_Real_Estate_Investment_Inc__VEREIT_Inc,"Cole Real Estate Investments, Inc.",fixed,13.82,1.0929,13.95,15.245955,-1.4259549999999983,0.2,cash_cap,0.02,completed
E000013_20070216_BBVA_USA_Bancshares_Inc__Banco_Bilbao_Vizcaya_Argentaria_SA,"BBVA USA Bancshares Inc (Compass Bancshares, Inc.)",floating,71.82,,23.42,,,0.5,default_5050,,completed
E000014_20110616_Southern_Union_Co__Energy_Transfer_LP,Southern Union Co,fixed,44.25,1.0,44.26,44.26,-0.009999999999998,0.6,cash_cap,0.54,completed
E000015_20171030_CalAtlantic_Group_Inc_old__Lennar_Corp,CalAtlantic Group Inc/old,floating,48.26,,62.18,,,0.5,default_5050,0.2073,completed
E000016_20110720_Nalco_Holding_Co__Ecolab_Inc,Nalco Holding Co,fixed,38.8,0.7005,44.53,31.193265,7.606734999999997,0.3,cash_cap,,completed
E000017_20211214_Terminix_Global_Holdings_Inc__Rentokil_Initial_PLC,Terminix Global Holdings Inc,fixed,11.0,1.0619,,,,0.5,default_5050,0.318,completed
E000018_20080317_NYMEX_Holdings_Inc__CME_Group_Inc,NYMEX Holdings Inc,floating,36.0,,496.89999,,,0.5,default_5050,0.2937,completed
E000020_20230306_Energy_Harbor_Corp__Vistra_Corp,Energy Harbor Corp,fixed,,,,,,0.5,default_5050,,completed
E000021_20080612_Applied_Biosystems_Inc__Life_Technologies_Corp,Applied Biosystems Inc,fixed,38.0,0.8261,21.75,17.967675,20.032325,0.5,default_5050,,completed
E000022_20140713_URS_Corp__AECOM,URS Corp,fixed,33.0,0.734,35.08,25.74872,7.251280000000001,0.5900000000000001,stock_cap,,completed
E000023_20070501_Dow_Jones___Co_Inc__TFCF_Corp,Dow Jones & Co Inc,floating,60.0,,20.8,,,0.9,stock_cap,,completed
E000024_20161117_Western_Refining_Inc__Andeavor,Western Refining Inc,fixed,37.3,0.435,84.0,36.54,0.759999999999998,0.5,default_5050,,completed
E000025_20061006_Global_Signal_Inc__Crown_Castle_Inc,Global Signal Inc,floating,55.95,,33.45,,,0.5,default_5050,0.973,completed
E000026_20180502_MTGE_Investment_Corp__Annaly_Capital_Management_Inc,MTGE Investment Corp,fixed,19.65,0.9519,10.44,9.937836,9.712164,0.5,cash_cap,0.1577,completed
E000027_20150122_City_National_Corp_CA__Royal_Bank_of_Canada,City National Corp/CA,floating,93.8,,60.59,,,0.5,cash_cap,,completed
E000028_20190402_AmeriGas_Partners_LP__UGI_Corp,AmeriGas Partners LP,fixed,35.325,0.6378,53.93,34.396554,0.928446000000001,0.5,default_5050,,completed
E000029_20120827_Hudson_City_Bancorp_Inc__M_T_Bank_Corp,Hudson City Bancorp Inc,floating,10.0,,94.03,,,0.4,cash_cap,,completed
E000030_20180906_LaSalle_Hotel_Properties__Pebblebrook_Hotel_Trust,LaSalle Hotel Properties,floating,37.8,,33.61,,,0.3,cash_cap,0.77,completed
E000031_20180129_KapStone_Paper_and_Packaging_Corp__Westrock_Co,KapStone Paper and Packaging Corp,floating,35.0,,65.76,,,0.75,stock_cap,0.968,completed
E000032_20170307_TerraForm_Power_Inc__Brookfield_Corp,TerraForm Power Inc,fixed,9.52,,13.41,,,0.49,cash_cap,,completed
E000033_20250515_Foot_Locker_Inc__Dick_s_Sporting_Goods_Inc,Foot Locker Inc,floating,24.0,,,,,0.5,default_5050,0.012,completed
E000034_20070219_Florida_Rock_Industries_Inc__Vulcan_Materials_Co,Florida Rock Industries Inc,fixed,67.0,0.63,119.79,75.46770000000001,-8.467700000000008,0.7,cash_cap,0.857,completed
E000036_20260224_Thermon_Group_Holdings_Inc__CECO_Environmental_Corp,Thermon Group Holdings Inc,fixed,63.89,0.811,,,,0.5,default_5050,,completed
E000037_20090420_PepsiAmericas_Inc__PepsiCo_Inc,PepsiAmericas Inc,fixed,28.5,0.5022,52.06,26.144532,2.3554679999999983,0.5,cash_cap,0.033,completed
E000038_20100415_Mariner_Energy_Inc__Apache_Corp,Mariner Energy Inc,fixed,26.0,0.24347,94.28,22.9543516,3.045648400000001,0.5,default_5050,,completed
E000039_20070604_Solectron_Corp__Flex_Ltd,Solectron Corp,floating,3.89,,11.18,,,0.5,cash_cap,0.089,completed
E000040_20170504_Capital_Bank_Financial_Corp__First_Horizon_Corp,Capital Bank Financial Corp,fixed,7.9,2.1732,17.08,37.118255999999995,-29.218255999999997,0.5,default_5050,,completed
E000041_20181009_Antero_Midstream_Partners_LP__Antero_Midstream_Corp,Antero Midstream Partners LP,fixed,3.415,1.635,28.19,46.09065,-42.675650000000005,0.5,default_5050,0.22,completed
E000042_20140113_Foster_Wheeler_AG__Amec_Foster_Wheeler_Ltd,Foster Wheeler AG,fixed,16.0,0.8998,31.08,27.965784,-11.965784,0.5,default_5050,0.9372,completed
E000043_20181109_Finisar_Corp__Coherent_Corp,Finisar Corp,floating,26.0,,119.71,,,0.6,cash_cap,,completed
E000044_20060905_Veritas_DGC_Inc__Viridien,Veritas DGC Inc,fixed,75.0,3.0,,,,0.4933599999999999,cash_cap,,completed
E000045_20200207_FGL_Holdings__Fidelity_National_Financial_Inc,FGL Holdings,floating,12.5,,43.13,,,0.5,default_5050,,completed
E000046_20140321_LIN_Media_LLC__Media_General_Inc,LIN Media LLC,fixed,25.97,1.4714,15.51,22.821414,3.148585999999998,0.5,default_5050,,completed
E000047_20140602_American_Realty_Capital_Healthcare_Trust_Inc__Ventas_Inc,American Realty Capital Healthcare Trust Inc,fixed,11.33,0.1688,64.07,10.815016,0.5149840000000001,0.1,cash_cap,,completed
E000048_20071207_Rovi_Guides_Inc__Rovi_Corp,Rovi Guides Inc,fixed,6.35,0.2548,15.73,4.008004000000001,2.341995999999999,0.56,stock_cap,,completed
E000049_20140911_Conversant_Inc__Bread_Financial_Holdings_Inc,Conversant Inc,floating,35.0,,278.32001,,,0.6,stock_cap,,completed
E000050_20140917_Auxilium_Pharmaceuticals_LLC__Endo_International_PLC,"Auxilium Pharmaceuticals, Inc.",fixed,33.25,0.488,81.64,39.84032,-6.590319999999998,0.5,default_5050,0.004,completed
E000051_20140312_EPL_Oil___Gas_Inc__Energy_XXI_Ltd,EPL Oil & Gas Inc,fixed,39.0,0.584,21.45,12.526799999999998,26.4732,0.65,cash_cap,0.757,completed
E000052_20240628_Infinera_Corp__Nokia_Oyj,Infinera Corp,fixed,6.65,1.7896,3.84,6.872064,-0.2220639999999996,0.7,stock_cap,0.28,completed
E000053_20140428_Susser_Holdings_Corp__ETP_Legacy_LP,Susser Holdings Corp,floating,80.25,,28.95,,,0.5,default_5050,0.0121,completed
E000054_20240229_Sterling_Check_Corp__First_Advantage_Corp,Sterling Check Corp,fixed,16.73,0.979,16.22,15.87938,0.850620000000001,0.72,cash_cap,0.5842,completed
E000055_20240516_SilverBow_Resources_Inc__Crescent_Energy_Co,SilverBow Resources Inc,floating,38.0,,11.9,,,0.5,default_5050,,completed
E000056_20080609_Hilb_Rogal___Hobbs_Co__Willis_Towers_Watson_PLC,Hilb Rogal & Hobbs Co,floating,46.0,,34.93,,,0.801,stock_cap,,completed
E000057_20250806_Aris_Water_Solution_Inc__Western_Midstream_Partners_LP,Aris Water Solutions Inc,floating,25.0,,,,,0.5,default_5050,0.5760000000000001,completed
E000058_20160919_Isle_of_Capri_Casinos_Inc__Caesars_Entertainment_Inc,Isle of Capri Casinos Inc,fixed,23.0,1.638,19.15,31.367699999999996,-8.367699999999996,0.58,cash_cap,0.166,completed
E000059_20100118_Brink_s_Home_Security_Holdings_Inc__Johnson_Controls_International_plc,Brink's Home Security Holdings Inc,floating,42.5,,29.08,,,0.5,default_5050,0.812,completed
E000060_20070627_Chittenden_Corp__People_s_United_Financial_Inc,Chittenden Corp,fixed,20.35,0.8775,16.52,14.496299999999998,5.8537000000000035,0.5,default_5050,0.411,completed
E000061_20150817_National_Penn_Bancshares_Inc__Truist_Financial_Corp,National Penn Bancshares Inc,fixed,13.0,0.3206,33.53,10.749718,2.2502820000000003,0.3,cash_cap,0.7579,completed
E000062_20070129_First_Republic_Bank_Old__Merrill_Lynch___Co_Inc,First Republic Bank/Old,fixed,,0.8595,83.68,71.92296,,0.5,default_5050,,completed
E000063_20160411_Hatteras_Financial_Corp__Annaly_Capital_Management_Inc,Hatteras Financial Corp,fixed,5.55,0.9894,11.04,10.922975999999998,-5.372975999999999,0.35,cash_cap,,completed
E000064_20180213_Nationstar_Mortgage_Holdings_Inc__Mr_Cooper_Group_Inc,Nationstar Mortgage Holdings Inc,floating,18.0,,1.36,,,0.5,default_5050,,completed
E000065_20101217_Cumulus_Intermediate_Holdings_LLC__Cumulus_Media_Inc,Cumulus Intermediate Holdings LLC,fixed,37.0,,,,,0.5,default_5050,,completed
E000066_20121108_KAYAK_Software_Corp__Booking_Holdings_Inc,KAYAK Software Corp,floating,40.0,,678.48999,,,0.33,cash_cap,,completed
E000067_20070906_Alabama_National_Bancorporation__Royal_Bank_of_Canada,Alabama National Bancorporation,floating,80.0,,56.88,,,0.5,cash_cap,,completed
E000068_20181119_Resolute_Energy_Corp__Cimarex_Energy_Co,Resolute Energy Corp,fixed,35.0,0.3943,63.76,25.140568,9.859432000000002,0.5,default_5050,,completed
E000069_20100819_NewAlliance_Bancshares_Inc__First_Niagara_Financial_Group_Inc,NewAlliance Bancshares Inc,fixed,14.28,1.1,11.38,12.518000000000002,1.761999999999997,0.14,cash_cap,0.08,completed
E000070_20070603_Digene_Corp__QIAGEN_NV,Digene Corp,fixed,61.25,3.545,18.09,64.12904999999999,-2.8790499999999923,0.55,cash_cap,,completed
E000071_20101018_AGA_Medical_Holdings_Inc__St_Jude_Medical_Inc,AGA Medical Holdings Inc,floating,20.8,,38.52,,,0.5,cash_cap,0.631,completed
E000072_20070214_TALX_Corp__Equifax_Inc,TALX Corp,fixed,35.5,0.861,36.97,31.83117,3.66883,0.25,cash_cap,,completed
E000073_20181030_WildHorse_Resource_Development_Corp__Expand_Energy_Corp,WildHorse Resource Development Corp,floating,3.0,,,,,0.5,default_5050,,completed
E000074_20160303_Carmike_Cinemas_Inc__AMC_Entertainment_Holdings_Inc,Carmike Cinemas Inc,fixed,33.06,1.0819,28.64,30.985616000000004,2.0743839999999985,0.7,cash_cap,0.049,completed
E000075_20200806_Sirius_International_Insurance_Group_Ltd__SiriusPoint_Ltd,Sirius International Insurance Group Ltd,fixed,9.5,0.743,8.86,6.582979999999999,2.917020000000001,0.5,default_5050,,completed
E000076_20070816_First_Charter_Corp__Fifth_Third_Bancorp,First Charter Corp,floating,31.0,,34.77,,,0.3,cash_cap,,completed
E000077_20060727_Fidelity_Bankshares_Inc__National_City_Corp,Fidelity Bankshares Inc,floating,39.5,,34.94,,,0.5,cash_cap,,completed
E000078_20201005_Eidos_Therapeutics_Inc__Bridgebio_Pharma_Inc,Eidos Therapeutics Inc,fixed,73.26,1.85,40.02,74.037,-0.777000000000001,0.5,default_5050,,completed
E000079_20250113_Enfusion_Inc__Clearwater_Analytics_Holdings_Inc,Enfusion Inc,floating,5.85,,,,,0.5,default_5050,,completed
E000080_20091021_Switch___Data_Facilities_Co_Inc__Equinix_Inc,Switch & Data Facilities Co Inc,floating,19.06,,94.95,,,0.2,cash_cap,,completed
E000081_20150507_Micrel_Inc__Microchip_Technology_Inc,Micrel Inc,floating,14.0,,47.46,,,0.5,default_5050,,completed
E000082_20070501_Community_Banks_Inc_PA__Susquehanna_Bancshares_Inc,Community Banks Inc/PA,floating,34.0,,21.53,,,0.1,cash_cap,,completed
E000083_20120723_GeoEye_Inc__DigitalGlobe_Inc,GeoEye Inc,fixed,20.27,1.425,20.26,28.870500000000003,-8.600500000000004,0.5,default_5050,,completed
E000084_20100813_Allis-Chalmers_Energy_Inc__Archer_Ltd,Allis-Chalmers Energy Inc,floating,4.25,,32.72,,,0.35,cash_cap,0.03,completed
E000085_20180607_AV_Homes_Inc__Taylor_Morrison_Home_Corp,AV Homes Inc,floating,21.5,,21.23,,,0.588,stock_cap,0.506,completed
E000086_20101222_Sonic_Solutions_LLC__Rovi_Corp,Sonic Solutions LLC,floating,14.0,,63.53,,,0.55,cash_cap,,completed
E000087_20200113_Primo_Water_Operations_Inc__Primo_Water_Corp,Primo Water Operations Inc,fixed,14.0,1.0229,15.35,15.701515,-1.7015149999999988,0.3597999999999999,cash_cap,0.012,completed
E000088_20160825_AEP_Industries_Inc__Berry_Global_Group_Inc,AEP Industries Inc,fixed,110.0,2.5011,45.81,114.575391,-4.57539100000001,0.5,cash_cap,,completed
E000089_20170828_IXYS_Corp__Littelfuse_Inc,IXYS Corp,floating,23.0,,194.25,,,0.5,cash_cap,0.01,completed
E000090_20200115_Pope_Resources_a_Delaware_LP__Rayonier_Inc,Pope Resources a Delaware LP,floating,125.0,,29.46,,,0.3,cash_cap,0.7909999999999999,completed
E000091_20070923_C-COR_Inc_Old__ARRIS_Group_Inc,C-COR Inc/Old,fixed,13.75,0.9642,12.24,11.801808,1.9481920000000008,0.49,cash_cap,,completed
E000092_20100419_GEO_Reentry_Inc__GEO_Group_Inc_The,GEO Reentry Inc,fixed,1.0,1.3,21.54,28.002,-27.002,0.2,cash_cap,,completed
E000093_20130909_MTR_Gaming_Group_Inc__Caesars_Entertainment_Inc,MTR Gaming Group Inc,fixed,6.05,1.0,4.35,4.35,1.7000000000000002,0.5,default_5050,0.828,completed
E000094_20170710_Hawaiian_Telcom_Holdco_Inc__Cincinnati_Bell_Inc,Hawaiian Telcom Holdco Inc,floating,30.75,,21.35,,,0.5,default_5050,,completed
E000095_20080520_China_Water___Drinks_Inc__Nuverra_Environmental_Solutions_Inc,China Water & Drinks Inc,fixed,5.0,0.8,,,,0.5,default_5050,0.296,completed
E000096_20120206_SureWest_Communications_Old__Consolidated_Communications_Holdings_Inc,SureWest Communications/Old,floating,23.0,,19.33,,,0.5,cash_cap,0.6829999999999999,completed
E000097_20070719_Partners_Trust_Financial_Group_Inc__M_T_Bank_Corp,Partners Trust Financial Group Inc,floating,12.5,,111.67,,,0.5,cash_cap,,completed
E000098_20100826_Wesco_Financial_Corp__Berkshire_Hathaway_Inc,Wesco Financial Corp,floating,385.0,,113100.0,,,0.5,default_5050,,completed
E000099_20170501_Angie_s_List_Inc__Match_Group_Inc,Angie's List Inc,floating,8.5,,19.48,,,0.5,default_5050,0.0037,completed
E000100_20110726_S1_Corp__ACI_Worldwide_Inc,S1 Corp,fixed,10.0,0.28,28.0,7.840000000000001,2.1599999999999993,0.62,cash_cap,,completed
E000101_20150622_Martha_Stewart_Living_Omnimedia_Inc__SQBG_Inc,Martha Stewart Living Omnimedia Inc,floating,6.15,,8.84,,,0.5,cash_cap,,completed
E000102_20250424_HarborOne_Bancorp_Inc__Eastern_Bankshares_Inc,HarborOne Bancorp Inc,floating,12.0,,,,,0.75,cash_cap,,completed
E000103_20210729_Misonix_Inc__Bioventus_Inc,Misonix Inc,fixed,28.0,1.6839,15.13,25.477407,2.5225930000000005,0.5,default_5050,0.6123,completed
E000104_20110120_Danvers_Bancorp_Inc__People_s_United_Financial_Inc,Danvers Bancorp Inc,fixed,23.0,1.624,13.3925,21.74942,1.2505799999999994,0.5,default_5050,0.815,completed
E000105_20170630_Sun_Bancorp_Inc_NJ__OceanFirst_Financial_Corp,Sun Bancorp Inc/NJ,floating,3.78,,26.49,,,0.5,default_5050,0.4407,completed
E000106_20160112_Anchor_BanCorp_Wisconsin_Inc__Old_National_Bancorp_IN,Anchor BanCorp Wisconsin Inc,floating,48.5,,10.85,,,0.4,cash_cap,,completed
E000107_20210622_County_Bancorp_Inc__Nicolet_Bankshares_Inc,County Bancorp Inc,fixed,37.18,0.48,71.05,34.104,3.0760000000000005,0.2,cash_cap,,completed
E000108_20100202_COMSYS_IT_Partners_Inc__ManpowerGroup_Inc,COMSYS IT Partners Inc,floating,17.65,,53.7,,,0.5,cash_cap,0.8993000000000001,completed
E000109_20151123_CommunityOne_Bancorp__Capital_Bank_Financial_Corp,CommunityOne Bancorp,fixed,14.25,0.43,32.94,14.1642,0.0858000000000007,0.15,cash_cap,,completed
E000110_20070702_North_Pittsburgh_Systems_Inc__Consolidated_Communications_Holdings_Inc,North Pittsburgh Systems Inc,floating,25.0,,18.48,,,0.8,cash_cap,0.826,completed
E000111_20110620_Tower_Bancorp_Inc__Susquehanna_Bancshares_Inc,Tower Bancorp Inc,floating,28.0,,7.86,,,0.5,default_5050,,completed
E000112_20161024_Merchants_Bancshares_Inc_VT__Community_Financial_System_Inc,Merchants Bancshares Inc/VT,floating,40.0,,56.54,,,0.5,default_5050,,completed
E000113_20080220_ProCentury_Corp__Ameritrust_Group_Inc,ProCentury Corp,floating,20.0,,6.41,,,0.45,cash_cap,,completed
E000114_20150127_Courier_Corp__RR_Donnelley___Sons_Co,Courier Corp,floating,23.0,,19.64,,,0.5,default_5050,0.119,completed
E000115_20100410_Boots___Coots_LLC__Halliburton_Co,Boots & Coots LLC,floating,3.0,,27.59,,,0.5,default_5050,0.347,completed
E000116_20150422_Palmetto_Bancshares_Inc__United_Community_Banks_Inc_GA,Palmetto Bancshares Inc,fixed,19.25,0.97,20.24,19.6328,-0.3827999999999996,0.3,cash_cap,,completed
E000117_20151208_Fox_Chase_Bancorp_Inc__Univest_Financial_Corp,Fox Chase Bancorp Inc,fixed,21.0,0.9731,20.4,19.851239999999997,1.148760000000003,0.4,cash_cap,0.738,completed
E000118_20110420_Bancorp_Rhode_Island_Inc__Brookline_Bancorp_Inc,Bancorp Rhode Island Inc,fixed,48.25,4.686,8.88,41.61168,6.63832,0.5,cash_cap,0.961,completed
E000119_20220524_PCSB_Financial_Corp__Brookline_Bancorp_Inc,PCSB Financial Corp,fixed,22.0,1.3284,13.23,17.574732,4.425267999999999,0.4,cash_cap,0.863,completed
E000120_20250403_Old_Point_Financial_Corp__Towne_Bank_Portsmouth_VA,Old Point Financial Corp,floating,41.0,,,,,0.5,cash_cap,,completed
E000121_20070129_Premier_Community_Bankshares_Inc__United_Bankshares_Inc_WV,Premier Community Bankshares Inc,fixed,34.0,0.93,35.57,33.0801,0.9198999999999984,0.5,cash_cap,,completed
E000122_20070720_Oak_Hill_Financial_Inc__WesBanco_Inc,Oak Hill Financial Inc,fixed,38.0,1.256,27.37,34.37672,3.623280000000001,0.1,cash_cap,0.6536,completed
E000123_20130306_Asset_Acceptance_Capital_Corp__Encore_Capital_Group_Inc,Asset Acceptance Capital Corp,floating,6.5,,28.53,,,0.75,stock_cap,0.479,completed
E000124_20070702_First_Mutual_Bancshares_Inc__WaFd_Inc,First Mutual Bancshares Inc,floating,27.02,,26.54,,,0.5,cash_cap,,completed
E000125_20141215_LNB_Bancorp_Inc__Northwest_Bancshares_Inc,LNB Bancorp Inc,floating,18.7,,11.96,,,0.5,cash_cap,,completed
E000126_20071217_IBT_Bancorp_Inc_PA__S_T_Bancorp_Inc,IBT Bancorp Inc/PA,floating,31.0,,28.08,,,0.45,cash_cap,0.2632,completed
E000127_20060919_Summit_Bank_Corp__UCBH_Holdings_Inc,Summit Bank Corp,fixed,24.5,1.3521,17.11,23.134431,1.3655690000000007,0.5,cash_cap,,completed
E000128_20170126_Centrue_Financial_Corp__Midland_States_Bancorp_Inc,Centrue Financial Corp,fixed,26.75,0.7604,35.26,26.811704,-0.0617039999999988,0.35,cash_cap,,completed
E000129_20191001_Altera_Infrastructure_LP__Brookfield_Business_Partners_LP,Altera Infrastructure LP,fixed,1.55,1.0,39.21,39.21,-37.66,0.5,default_5050,,completed
E000130_20060914_Vision_Bancshares_Inc_AL__Park_National_Corp,Vision Bancshares Inc/AL,floating,25.0,,102.87,,,0.5,cash_cap,,completed
E000131_20170501_ASB_Bancorp_Inc__First_Bancorp_Southern_Pines_NC,ASB Bancorp Inc,fixed,41.9,1.44,27.76,39.9744,1.925599999999996,0.1,cash_cap,,completed
E000132_20070125_Civitas_BankGroup_Inc__Green_Bankshares_Inc,Civitas BankGroup Inc,fixed,10.25,0.2674,37.18,9.941932,0.3080679999999987,0.3,cash_cap,,completed
E000133_20061101_Business_Bank_Corp__City_National_Corp_CA,Business Bank Corp,floating,66.5,,37.4,,,0.5,cash_cap,,completed
E000135_20090908_Intellon_Corp__Qualcomm_Atheros_Inc,Intellon Corp,fixed,7.3,0.267008,41.45,11.067481600000002,-3.767481600000002,0.55,cash_cap,,completed
E000136_20130422_Met-Pro_Corp__CECO_Environmental_Corp,Met-Pro Corp,floating,13.75,,2.94,,,0.53,cash_cap,0.6659999999999999,completed
E000137_20070910_Great_Lakes_Bancorp_Inc__First_Niagara_Financial_Group_Inc,Great Lakes Bancorp Inc,fixed,14.0,0.993,14.77,14.66661,-0.6666100000000004,0.5,cash_cap,,completed
E000138_20141030_Integrity_Bancshares_Inc_PA__S_T_Bancorp_Inc,Integrity Bancshares Inc/PA,fixed,52.5,2.0627,27.48,56.682996,-4.182996000000003,0.2,cash_cap,,completed
E000139_20151116_High_Point_Bank_Corp__BNC_Bancorp,High Point Bank Corp,floating,300.0,,,,,0.5,default_5050,,completed
E000140_20150504_PMFG_Inc__CECO_Environmental_Corp,PMFG Inc,floating,6.85,,3.83,,,0.45,cash_cap,,completed
E000141_20061106_Traffic.com_Inc__NAVTEQ_Corp,Traffic.com Inc,fixed,8.0,0.235,35.38,8.3143,-0.3142999999999993,0.5,default_5050,,completed
E000142_20251020_CNB_Bank_Shares_Inc__HBT_Financial_Inc,CNB Bank Shares Inc,fixed,27.73,1.0434,,,,0.5,default_5050,,completed
E000143_20070205_Capital_Bancorp_Inc_TN__Renasant_Corp,Capital Bancorp Inc/TN,floating,38.0,,23.7,,,0.35,cash_cap,,completed
E000144_20150224_Oneida_Financial_Corp__Community_Financial_System_Inc,Oneida Financial Corp,floating,20.0,,34.93,,,0.4,cash_cap,,completed
E000145_20070516_East_Penn_Financial_Corp__Harleysville_National_Corp,East Penn Financial Corp,fixed,14.5,0.3782,16.16,6.111712,8.388288,0.6,cash_cap,,completed
E000146_20190107_HopFed_Bancorp_Inc__First_Financial_Corp,HopFed Bancorp Inc,fixed,21.0,0.444,42.92,19.05648,1.9435199999999997,0.5,cash_cap,,completed
E000147_20151130_HF_Financial_Corp__Great_Western_Bancorp_Inc,HF Financial Corp,floating,19.5,,29.48,,,0.25,cash_cap,0.1956,completed
E000148_20081215_American_Bancorp_of_New_Jersey_Inc__Investors_Bancorp_Inc,American Bancorp of New Jersey Inc,floating,12.5,,12.35,,,0.35,cash_cap,,completed
E000149_20140604_TF_Financial_Corp__National_Penn_Bancshares_Inc,TF Financial Corp,fixed,42.0,4.22,10.85,45.787,-3.786999999999999,0.4,cash_cap,,completed
E000150_20140805_Peoples_Federal_Bancshares_Inc__Independent_Bank_Corp,Peoples Federal Bancshares Inc,fixed,21.0,0.5523,37.01,20.440623,0.5593770000000013,0.4,cash_cap,,completed
E000151_20120531_Beacon_Federal_Bancorp_Inc__Beacon_Financial_Corp,Beacon Federal Bancorp Inc,fixed,20.5,0.92,30.85,28.382,-7.8820000000000014,0.5,cash_cap,,completed
E000152_20061016_First_Morris_Bank_NJ__Provident_Financial_Services_Inc,First Morris Bank/NJ,floating,39.75,,18.75,,,0.5,cash_cap,,completed
E000153_20190816_Bancorp_of_New_Jersey_Inc__ConnectOne_Bancorp_Inc,Bancorp of New Jersey Inc,fixed,16.25,0.78,22.67,17.6826,-1.4326000000000008,0.2,cash_cap,,completed
E000154_20070604_Community_Bank___Trust_Co_Wolfeboro_NH__Chittenden_Corp,Community Bank & Trust Co/Wolfeboro NH,fixed,33.37,1.1293,35.4,39.97722,-6.607219999999998,0.25,cash_cap,,completed
E000155_20220119_Denmark_Bancshares_Inc__Bank_First_Corp,Denmark Bancshares Inc,floating,38.1,,,,,0.5,default_5050,,completed
E000156_20220324_Emclaire_Financial_Corp__Farmers_National_Banc_Corp,Emclaire Financial Corp,floating,40.0,,15.97,,,0.3,cash_cap,,completed
E000157_20060718_Westbank_Corp__NewAlliance_Bancshares_Inc,Westbank Corp,floating,23.0,,14.69,,,0.5,cash_cap,,completed
E000158_20151001_First_Capital_Bancorp_Inc_VA__Park_Sterling_Corp,First Capital Bancorp Inc/VA,fixed,5.54,0.7748,7.25,5.6173,-0.0773000000000001,0.3,cash_cap,,completed
E000159_20070119_Merrill_Merchants_Bancshares_Inc__Chittenden_Corp,Merrill Merchants Bancshares Inc,fixed,31.0,1.02,31.5,32.13,-1.1300000000000026,0.4,cash_cap,,completed
E000160_20120417_SRS_Labs_Inc__DTS_Inc_CA,SRS Labs Inc,floating,9.5,,28.23,,,0.5,cash_cap,0.86,completed
E000161_20151124_Cheviot_Financial_Corp__MainSource_Financial_Group_Inc,Cheviot Financial Corp,fixed,15.0,0.6916,,,,0.5,cash_cap,,completed
E000162_20080317_Value_Financial_Services_Inc__EZCORP_Inc,Value Financial Services Inc,fixed,11.0,0.75,13.46,10.095,0.9049999999999994,0.2,cash_cap,,completed
E000163_20070627_Web.com_Holding_Co_Inc__Web.com_Group_Inc,"Web.com Holding Co Inc (Web.com, Inc.)",fixed,6.5233,0.6875,9.67,6.648125,-0.1248250000000004,0.5,default_5050,,completed
E000164_20161003_DCB_Financial_Corp_OH__First_Commonwealth_Financial_Corp,DCB Financial Corp/OH,floating,14.5,,,,,0.2,cash_cap,,completed
E000165_20170816_First_Atlantic_Financial_Holdings_Inc__National_Commerce_Corp,First Atlantic Financial Holdings Inc,floating,17.25,,40.0,,,0.5,default_5050,,completed
E000166_20071011_Slade_s_Ferry_Bancorp__Independent_Bank_Corp,Slade's Ferry Bancorp,floating,25.5,,28.69,,,0.25,cash_cap,,completed
E000167_20101025_Wilber_Corp__Community_Financial_System_Inc,Wilber Corp,floating,9.5,,24.78,,,0.2,cash_cap,,completed
E000169_20220823_Town_and_Country_Financial_Corp__HBT_Financial_Inc,Town and Country Financial Corp,floating,35.66,,,,,0.5,default_5050,,completed
E000170_20080910_American_Community_Bancshares_Inc__Yadkin_Financial_Corp,American Community Bancshares Inc,fixed,12.35,0.8517,6.96,5.927832,6.422167999999999,0.195,cash_cap,,completed
E000171_20160622_Carolina_Bank_Holdings_Inc__First_Bancorp_Southern_Pines_NC,Carolina Bank Holdings Inc,floating,20.0,,18.69,,,0.25,cash_cap,,completed
E000172_20130715_Saehan_Bancorp__Wilshire_Bancorp_Inc,Saehan Bancorp,fixed,,0.0608,,,,0.5,default_5050,,completed
E000173_20190715_Carolina_Trust_Bancshares_Inc__Carolina_Financial_Corp,Carolina Trust Bancshares Inc,fixed,10.57,0.3,34.21,10.263,0.3070000000000004,0.1,cash_cap,,completed
E000174_20141113_Foster_Wheeler_AG__Amec_Foster_Wheeler_Ltd,Foster Wheeler AG,fixed,32.0,0.8998,29.96,26.958008000000003,5.041991999999997,0.5,default_5050,0.9372,completed
E000175_20210623_Cortland_Bancorp__Farmers_National_Banc_Corp,Cortland Bancorp,fixed,28.0,1.75,15.08,26.39,1.6099999999999994,0.25,cash_cap,,completed
E000176_20160310_LaPorte_Bancorp_Inc__Horizon_Bancorp_Inc_IN,LaPorte Bancorp Inc,fixed,17.5,0.629,24.08,15.14632,2.3536800000000007,0.35,cash_cap,,completed
E000177_20191025_Empire_Bancorp_Inc__Flushing_Financial_Corp,Empire Bancorp Inc,floating,14.04,,,,,0.5,cash_cap,,completed
E000178_20131010_Camco_Financial_Corp__Huntington_Bancshares_Inc_OH,Camco Financial Corp,floating,6.0,,9.02,,,0.2,cash_cap,,completed
E000179_20250924_1st_Colonial_Bancorp_Inc__Mid_Penn_Bancorp_Inc,1st Colonial Bancorp Inc,floating,18.5,,,,,0.4,cash_cap,,completed
E000180_20191218_MSB_Financial_Corp_MD__Kearny_Financial_Corp_MD,MSB Financial Corp/MD,fixed,18.0,1.3,13.31,17.303,0.6969999999999992,0.1,cash_cap,,completed
E000181_20221221_Brunswick_Bancorp__Mid_Penn_Bancorp_Inc,Brunswick Bancorp,fixed,18.0,0.598,29.25,17.4915,0.5085000000000015,0.5,cash_cap,,completed
E000182_20150303_Alliance_Bancorp_Inc_of_Pennsylvania__WSFS_Financial_Corp,Alliance Bancorp Inc of Pennsylvania,floating,22.0,,75.17,,,0.5,default_5050,,completed
E000183_20250723_TC_Bancshares_Inc__Colony_Bankcorp_Inc,TC Bancshares Inc,fixed,21.25,1.25,,,,0.2,cash_cap,,completed
E000184_20160426_First_Clover_Leaf_Financial_Corp__First_Mid_Bancshares_Inc,First Clover Leaf Financial Corp,fixed,12.87,0.495,25.72,12.7314,0.1386000000000002,0.25,cash_cap,,completed
E000185_20080903_Lincoln_Bancorp_IN__First_Merchants_Corp,Lincoln Bancorp/IN,fixed,15.76,0.7004,19.58,13.713832,2.046168,0.2,cash_cap,,completed
E000186_20080215_Iron___Glass_Bancorp_Inc__FNB_Corp_PA,Iron & Glass Bancorp Inc,floating,75.0,,14.64,,,0.5,default_5050,,completed
E000187_20080409_EP_Medsystems_Inc__St_Jude_Medical_Inc,EP Medsystems Inc,fixed,3.0,0.0738,40.93,3.0206340000000003,-0.0206340000000002,0.6,cash_cap,0.7119,completed
E000188_20120514_Citizens_South_Banking_Corp__Park_Sterling_Corp,Citizens South Banking Corp,floating,7.0,,4.35,,,0.3,cash_cap,0.3011,completed
E000190_20161104_First_Menasha_Bancshares_Inc__Nicolet_Bankshares_Inc,First Menasha Bancshares Inc,floating,131.5,,,,,0.4,cash_cap,,completed
E000191_20101012_Rome_Bancorp_Inc__Beacon_Financial_Corp,Rome Bancorp Inc,fixed,11.25,0.5658,25.27,14.297766,-3.0477659999999993,0.3,cash_cap,0.105,completed
E000192_20060829_Old_Florida_Bankshares_Inc__Bank_of_Florida_Corp,Old Florida Bankshares Inc,fixed,38.5,1.7915,,,,0.5,default_5050,,completed
E000193_20070814_Union_Bankshares_Co_ME__Camden_National_Corp,Union Bankshares Co/ME,floating,68.0,,36.15,,,0.4,cash_cap,,completed
E000194_20150127_National_Bancshares_Corp_OH__Farmers_National_Banc_Corp,National Bancshares Corp/OH,floating,32.15,,7.84,,,0.2,cash_cap,,completed
E000195_20210422_SouthCrest_Financial_Group_Inc__Colony_Bankcorp_Inc,SouthCrest Financial Group Inc,fixed,10.45,0.7318,17.98,13.157764,-2.707764000000001,0.5,default_5050,,completed
E000196_20221019_HV_Bancorp_Inc__Citizens_Financial_Services_Inc,HV Bancorp Inc,fixed,30.5,0.4,70.65,28.260000000000005,2.239999999999995,0.2,cash_cap,0.4397,completed
E000197_20061011_Potomac_Bank_of_Virginia_Fairfax_VA__Sandy_Spring_Bancorp_Inc,Potomac Bank of Virginia/Fairfax VA,floating,21.75,,35.9,,,0.5,cash_cap,,completed
E000198_20070608_Futura_Banc_Corp__Civista_Bancshares_Inc,Futura Banc Corp,floating,23.0,,,,,0.2,cash_cap,,completed
E000199_20130129_Somerset_Hills_Bancorp__Lakeland_Bancorp_Inc,Somerset Hills Bancorp,fixed,12.0,1.1962,9.61,11.495482,0.5045180000000009,0.1,cash_cap,,completed
E000200_20130305_Newport_Bancorp_Inc__SI_Financial_Group_Inc,Newport Bancorp Inc,floating,17.55,,12.07,,,0.5,cash_cap,,completed
E000201_20100517_South_Financial_Group_Inc_The__Toronto-Dominion_Bank_The,South Financial Group Inc/The,fixed,,,71.38,,,0.5,default_5050,,completed
E000203_20160823_Commercial_Bancshares_Inc_OH__Premier_Financial_Corp,Commercial Bancshares Inc/OH,floating,51.0,,,,,0.2,cash_cap,,completed
E000206_20170329_Scottdale_Bank___Trust_Co_The__Mid_Penn_Bancorp_Inc,Scottdale Bank & Trust Co/The,floating,1166.0,,,,,0.1,cash_cap,,completed
E000207_20081205_Old_Forge_Bank__Penseco_Financial_Services_Corp,Old Forge Bank,fixed,31.127,2.8043,,,,0.5,default_5050,,completed
E000208_20080109_Shore_Financial_Corp__Xenith_Bankshares_Inc,Shore Financial Corp,floating,9.23,,8.5,,,0.25,cash_cap,,completed
E000209_20070625_Christiana_Bank___Trust_Co_DE__National_Penn_Bancshares_Inc,Christiana Bank & Trust Co/DE,fixed,37.69,1.0,15.29,15.29,22.4,0.2,cash_cap,,completed
E000210_20151005_Community_Bank_of_South_Florida_Inc__CenterState_Bank_Corp,Community Bank of South Florida Inc,floating,13.31,,15.0,,,0.5,stock_cap,,completed
E000211_20140910_Colonial_Financial_Services_Inc__Cape_Bancorp_Inc,Colonial Financial Services Inc,floating,14.5,,9.32,,,0.5,cash_cap,,completed
E000212_20070827_Carolina_National_Corp__First_National_Bancshares_Inc_SC,Carolina National Corp,fixed,21.65,1.4678,11.75,17.24665,4.40335,0.3,cash_cap,0.7579,completed
E000214_20140414_FedFirst_Financial_Corp__CB_Financial_Services_Inc,FedFirst Financial Corp,floating,23.0,,19.75,,,0.35,cash_cap,0.64,completed
E000216_20120501_Central_Bancorp_Inc_MA__Independent_Bank_Corp,Central Bancorp Inc/MA,floating,32.0,,27.03,,,0.4,cash_cap,,completed
E000217_20080108_MFB_Corp__MutualFirst_Financial_Inc,MFB Corp,floating,41.0,,13.45,,,0.2,cash_cap,,completed
E000219_20151001_Jacksonville_Bancorp_Inc_FL__Ameris_Bancorp,Jacksonville Bancorp Inc/FL,floating,16.5,,31.5,,,0.25,cash_cap,,completed
E000220_20131002_Investors_Capital_Holdings_Ltd__Aretec_Group_Inc,Investors Capital Holdings Ltd,floating,7.25,,22.22,,,0.6,cash_cap,0.1457,completed
E000221_20250708_PB_Bankshares_Inc__Norwood_Financial_Corp,PB Bankshares Inc,floating,19.75,,,,,0.2,cash_cap,,completed
E000222_20210729_Royal_Financial_Inc__Finward_Bancorp,Royal Financial Inc,fixed,20.14,0.4609,,,,0.35,cash_cap,0.033,completed
E000224_20171116_First_West_Virginia_Bancorp_Inc__CB_Financial_Services_Inc,First West Virginia Bancorp Inc,floating,28.5,,30.75,,,0.2,cash_cap,0.107,completed
E000225_20120910_WSB_Holdings_Inc__Old_Line_Bancshares_Inc,WSB Holdings Inc,fixed,6.09,0.5608,11.24,6.303392,-0.2133919999999998,0.35,cash_cap,,completed
E000226_20150826_Hopewell_Valley_Community_Bank__Northfield_Bancorp_Inc,Hopewell Valley Community Bank,fixed,14.5,0.9592,,,,0.25,cash_cap,,completed
E000227_20190624_Shore_Community_Bank__1st_Constitution_Bancorp,Shore Community Bank,floating,16.5,,18.07,,,0.45,cash_cap,,completed
E000228_20121018_Luzerne_National_Bank_Corp__Penns_Woods_Bancorp_Inc,Luzerne National Bank Corp,floating,61.86,,37.36,,,0.1,cash_cap,,completed
E000229_20230518_Cincinnati_Bancorp_Inc__LCNB_Corp,Cincinnati Bancorp Inc,fixed,17.21,0.9274,18.82,17.453668,-0.2436679999999995,0.2,cash_cap,,completed
E000230_20160426_Foundation_Bancorp_Inc_WA__Pacific_Continental_Corp,Foundation Bancorp Inc/WA,fixed,12.5,0.7911,,,,0.5,default_5050,,completed
E000231_20160601_First_Century_Bankshares_Inc__Summit_Financial_Group_Inc,First Century Bankshares Inc,fixed,22.5,1.2433,,,,0.35,cash_cap,,completed
E000232_20161108_Greer_Bancshares_Inc__Carolina_Financial_Corp,Greer Bancshares Inc,floating,,,,,,0.5,default_5050,,completed
E000233_20061214_CN_Bancorp_Inc__Sandy_Spring_Bancorp_Inc,CN Bancorp Inc,floating,25.0,,37.79,,,0.5,cash_cap,,completed
E000234_20070830_TSB_Financial_Corp__SOUTHSTATE_BANK_CORP,TSB Financial Corp,fixed,35.0,0.993,,,,0.5,default_5050,0.3379999999999999,completed
E000235_20111116_Hampshire_First_Bank__NBT_Bancorp_Inc,Hampshire First Bank,floating,15.0,,,,,0.35,cash_cap,,completed
E000236_20141119_Capital_Pacific_Bancorp__Pacific_Continental_Corp,Capital Pacific Bancorp,floating,16.0,,,,,0.5,default_5050,,completed
E000237_20070614_Cardinal_State_Bank_Durham_NC__Yadkin_Financial_Corp,Cardinal State Bank/Durham NC,fixed,17.62,0.91771,12.78,11.7283338,5.891666200000001,0.58,cash_cap,,completed
E000238_20070201_ICNB_Financial_Corp__Firstbank_Corp,ICNB Financial Corp,fixed,31.5,1.407,21.24,29.88468,1.6153200000000003,0.5,cash_cap,,completed
E000239_20160602_Polonia_Bancorp_Inc__Prudential_Bancorp_Inc,Polonia Bancorp Inc,fixed,11.28,0.7591,14.0,10.6274,0.6525999999999996,0.5,cash_cap,,completed
E000240_20130514_Mayflower_Bancorp_Inc__Independent_Bank_Corp,Mayflower Bancorp Inc,fixed,17.5,0.565,32.9,18.588499999999996,-1.0884999999999962,0.3,cash_cap,,completed
E000241_20120604_First_Trust_Bank__BNC_Bancorp,First Trust Bank,fixed,5.9,0.4069,7.5,3.0517499999999997,2.8482500000000006,0.25,cash_cap,,completed
E000242_20160908_Ohio_Legacy_Corp__United_Community_Financial_Corp_OH,Ohio Legacy Corp,fixed,,,5.92,,,0.5,default_5050,,completed
E000244_20191219_FSB_Bancorp_Inc_NY__Evans_Bancorp_Inc,FSB Bancorp Inc/NY,floating,17.8,,39.49,,,0.5,cash_cap,,completed
E000245_20171024_ASB_Financial_Corp__Peoples_Bancorp_Inc_OH,ASB Financial Corp,floating,20.0,,,,,0.15,cash_cap,,completed
E000246_20161122_New_Windsor_Bancorp_Inc__ACNB_Corp,New Windsor Bancorp Inc,fixed,30.0,1.1,,,,0.15,cash_cap,,completed
E000247_20110331_Community_Capital_Corp__Park_Sterling_Corp,Community Capital Corp,floating,3.3,,4.79,,,0.4,cash_cap,,completed
E000248_20130701_NorCal_Community_Bancorp__Bank_of_Marin_Bancorp,NorCal Community Bancorp,fixed,3.01,0.07716,,,,0.58,cash_cap,,completed
E000249_20240307_Superior_Drilling_Products_Inc__Drilling_Tools_International_Corp,Superior Drilling Products Inc,fixed,1.0,0.313,4.68,1.46484,-0.4648399999999999,0.5,default_5050,0.053,completed
E000250_20150529_Premier_Valley_Bank__Heartland_Financial_USA_Inc,Premier Valley Bank,floating,7.73,,,,,0.3,cash_cap,,completed
E000251_20231129_Eagle_Financial_Bancorp_Inc__LCNB_Corp,Eagle Financial Bancorp Inc,fixed,19.1,1.1401,14.91,16.998890999999997,2.101109000000005,0.3,cash_cap,,completed
E000252_20061221_Citizens_Bancorp_Inc_PA__Citizens___Northern_Corp,Citizens Bancorp Inc/PA,fixed,28.57,1.297,,,,0.5,cash_cap,,completed
E000254_20170412_Cornerstone_Bancorp_SC__First_Community_Corp_SC,Cornerstone Bancorp/SC,floating,11.0,,17.975,,,0.3,cash_cap,,completed
E000255_20131218_South_Street_Financial_Corp__BNC_Bancorp,South Street Financial Corp,floating,8.85,,13.13,,,0.2,cash_cap,,completed
E000257_20101215_North_Penn_Bancorp_Inc__Norwood_Financial_Corp,North Penn Bancorp Inc,fixed,19.12,0.6829,,,,0.5,default_5050,0.6029,completed
E000258_20111220_Commercefirst_Bancorp_Inc__Sandy_Spring_Bancorp_Inc,Commercefirst Bancorp Inc,fixed,13.6,0.8043,18.16,14.606088,-1.006088,0.5,cash_cap,,completed
E000259_20120503_Alliance_Bankshares_Corp__WashingtonFirst_Bankshares_Inc,Alliance Bankshares Corp,fixed,5.3,0.4435,11.75,5.211125,0.0888749999999998,0.2,cash_cap,0.2,completed
E000260_20130306_San_Diego_Trust_Bank__Pacific_Premier_Bancorp_Inc,San Diego Trust Bank,floating,13.41,,,,,0.5,cash_cap,,completed
E000261_20200106_Community_Shores_Bank_Corp__ChoiceOne_Financial_Services_Inc,Community Shores Bank Corp,fixed,5.0,0.17162,,,,0.5,cash_cap,,completed
E000262_20110914_Mainline_Bancorp_Inc__S_T_Bancorp_Inc,Mainline Bancorp Inc,floating,69.0,,18.35,,,0.4,cash_cap,,completed
E000263_20061215_First_Brandon_Financial_Corp__Lake_Sunapee_Bank_Group,First Brandon Financial Corp,fixed,44.01,2.67,,,,0.2,cash_cap,,completed
E000264_20060906_BUCS_Financial_Corp__Community_Banks_Inc_PA,BUCS Financial Corp,floating,24.0,,,,,0.35,cash_cap,,completed
E000265_20101018_Fort_Orange_Financial_Corp__Chemung_Financial_Corp,Fort Orange Financial Corp,floating,7.5,,,,,0.25,cash_cap,,completed
E000266_20130815_Rumson-Fair_Haven_Bank___Trust_Co__1st_Constitution_Bancorp,Rumson-Fair Haven Bank & Trust Company,fixed,7.5,0.7772,,,,0.6,cash_cap,,completed
E000268_20130313_Miscor_Group_Ltd__IES_Holdings_Inc,Miscor Group Ltd,floating,1.484,,,,,0.5,cash_cap,0.2379,completed
E000269_20100902_Maryland_Bankcorp_Inc__Old_Line_Bancshares_Inc,Maryland Bankcorp Inc,floating,30.9298,,8.515,,,0.05,cash_cap,,completed
E000270_20080310_River_City_Bank_Mechanicsville_VA__Village_Bank_and_Trust_Financial_Corp,River City Bank/Mechanicsville VA,floating,11.0,,10.15,,,0.2,cash_cap,,completed
E000271_20121009_First_Capital_Bancshares_Inc_OH__LCNB_Corp,First Capital Bancshares Inc/OH,floating,30.76,,,,,0.5,cash_cap,,completed
E000272_20080919_American_Home_Bank_National_Association__First_Chester_County_Corp,American Home Bank National Association,fixed,11.0,0.7,,,,0.5,default_5050,,completed
E000274_20211109_Guaranty_Federal_Bancshares_Inc__QCR_Holdings_Inc,Guaranty Federal Bancshares Inc,floating,30.5,,54.66,,,0.5,default_5050,,completed
E000275_20100825_California_Oaks_State_Bank__CU_Bancorp_Los_Angeles_CA,California Oaks State Bank,floating,,,,,,0.9,stock_cap,,completed
E000276_20210218_Bank_of_Fincastle_The__First_National_Corp_VA,Bank of Fincastle/The,fixed,3.3,0.1649,,,,0.2,cash_cap,,completed
E000277_20160310_Delaware_Bancshares_Inc__Norwood_Financial_Corp,Delaware Bancshares Inc,fixed,16.68,0.6221,,,,0.25,cash_cap,,completed
E000278_20090421_Endocare_Inc__HealthTronics_Inc,Endocare Inc,fixed,1.35,0.7764,1.6,1.24224,0.10776,0.5,cash_cap,,completed
E000282_20121228_Roebling_Financial_Corp_Inc__TF_Financial_Corp,Roebling Financial Corp Inc,fixed,8.6,0.364,24.25,8.827,-0.2270000000000003,0.5,default_5050,,completed
E000283_20140827_Phoenix_Bancorp_Inc__Mid_Penn_Bancorp_Inc,Phoenix Bancorp Inc,fixed,51.6,3.167,,,,0.2,cash_cap,,completed
E000284_20150626_FNBPA_Bancorp_Inc__Juniata_Valley_Financial_Corp,FNBPA Bancorp Inc,fixed,50.34,2.7813,,,,0.25,cash_cap,,completed
E000285_20071211_Longleaf_Community_Bank__Four_Oaks_Fincorp_Inc,Longleaf Community Bank,floating,16.5,,,,,0.5,cash_cap,,completed
E000286_20140121_Midwest_Bancshares_Inc_OH__Peoples_Bancorp_Inc_OH,Midwest Bancshares Inc/OH,fixed,65.5,,22.48,,,0.5,cash_cap,,completed
E000287_20150804_Pascack_Bancorp_Inc__Lakeland_Bancorp_Inc,Pascack Bancorp Inc,floating,11.35,,10.93,,,0.1,cash_cap,,completed
E000288_20111103_CKF_Bancorp_Inc__Kentucky_First_Federal_Bancorp,CKF Bancorp Inc,floating,9.5,,8.9,,,0.4,cash_cap,,completed
E000289_20150303_Patapsco_Bancorp_Inc__Howard_Bancorp_Inc,Patapsco Bancorp Inc,floating,5.09,,,,,0.2,cash_cap,,completed
E000290_20140529_Virginia_Co_Bank__Eastern_Virginia_Bankshares_Inc,Virginia Company Bank,fixed,6.25,0.9259,6.3,5.833169999999999,0.4168300000000009,0.25,cash_cap,,completed
E000291_20070814_Sycamore_National_Bank_Cincinnati_Ohio__LCNB_Corp,Sycamore National Bank/Cincinnati Ohio,floating,33.75,,,,,0.5,cash_cap,,completed
E000292_20141030_Citizens_National_Bank_of_Meyersdale_The__Riverview_Financial_Corp,Citizens National Bank of Meyersdale/The,fixed,38.46,2.9586,,,,0.2,cash_cap,,completed
E000293_20090115_Apple_Valley_Bank___Trust_Co_The__New_England_Bancshares_Inc,Apple Valley Bank & Trust Co/The,floating,8.5,,6.65,,,0.4,cash_cap,,completed
E000294_20090630_Community_National_Corp_OH__NB_T_Financial_Group_Inc,Community National Corp/OH,fixed,11.41,0.761,14.855,11.304655,0.1053449999999998,0.5,cash_cap,,completed
E000295_20170721_Liberty_Bell_Bank__Partners_Bancorp,Liberty Bell Bank,fixed,,,,,,0.5,default_5050,,completed
E000296_20150805_Regal_Bancorp_Inc_MD__Old_Line_Bancshares_Inc,Regal Bancorp Inc/MD,floating,12.68,,,,,0.5,cash_cap,,completed
E000297_20201210_GNB_Financial_Services_Inc__LINKBANCORP_Inc,GNB Financial Services Inc,floating,87.68,,,,,0.2,cash_cap,,completed
E000298_20180531_Mercersburg_Financial_Corp__Orrstown_Financial_Services_Inc,Mercersburg Financial Corp,floating,40.0,,,,,0.15,cash_cap,,completed
E000299_20180126_NewDominion_Bank__Park_National_Corp,NewDominion Bank,floating,1.08,,,,,0.4,cash_cap,,completed
E000300_20190514_Virginia_Community_Bankshares_Inc__Blue_Ridge_Bankshares_Inc,Virginia Community Bankshares Inc,fixed,58.0,3.05,,,,0.4,cash_cap,,completed
E000301_20190918_MidCoast_Community_Bancorp_Inc__Citizens_Financial_Services_Inc,MidCoast Community Bancorp Inc,floating,6.5,,,,,0.25,cash_cap,,completed
E000302_20200121_Virginia_Bank_Bankshares_Inc__Pinnacle_Bankshares_Corp,Virginia Bank Bankshares Inc,fixed,16.0,0.54,,,,0.4,cash_cap,,completed
E000303_20191218_Bank_of_Akron__CNB_Financial_Corp_PA,Bank of Akron,floating,215.0,,31.51,,,0.25,cash_cap,,completed
E000304_20210527_Aquesta_Financial_Holdings_Inc__United_Community_Banks_Inc_GA,Aquesta Financial Holdings Inc,floating,21.5,,,,,0.3,cash_cap,,completed
E000305_20070223_Landmark_National_Bank_Solana_Beach_CA__1st_Pacific_Bancorp,Landmark National Bank/Solana Beach CA,floating,12.45,,,,,0.35,cash_cap,,completed
E000306_20070110_Bank_of_Richmond_NA_The__Gateway_Financial_Holdings_Inc,Bank of Richmond NA/The,floating,30.05,,14.65,,,0.5,cash_cap,,completed
E000307_20061117_Independent_Community_Bank_Tequesta_FL__Sun_American_Bancorp,Independent Community Bank/Tequesta FL,fixed,34.81,2.4,,,,0.42,cash_cap,,completed
E000311_20140703_FNBM_Financial_Corp__GNB_Financial_Services_Inc,FNBM Financial Corp,fixed,276.57,4.7684,,,,0.5,cash_cap,,completed
E000313_20161020_Island_Bancorp_Inc__Independent_Bank_Corp,Island Bancorp Inc,fixed,500.0,,,,,0.2,cash_cap,,completed
E000314_20251010_SWK_Holdings_Corp__Runway_Growth_Finance_Corp,SWK Holdings Corp,fixed,20.59,1.7264,,,,0.5,default_5050,,completed
E000315_20250605_Provident_Bancorp_Inc__NB_Bancorp_Inc,Provident Bancorp Inc,floating,13.0,,,,,0.5,cash_cap,,completed
E000316_20150428_Magna_Bank__Pinnacle_Financial_Partners_In,Magna Bank,floating,14.32,,49.84,,,0.25,cash_cap,,completed
