event_id,p_completed,p_terminated,p_withdrawn,outcome_probability_source,outcome_match_source,actual_deal_status_raw,actual_outcome_label,outcome_train_n,outcome_train_completed,outcome_train_terminated,outcome_train_withdrawn,outcome_nb_categorical_alpha,outcome_nb_prior_strength,outcome_nb_variance_shrinkage,outcome_nb_likelihood_weight,outcome_nb_prior_blend,outcome_nb_inner_validation_brier
E000000_20171214_TFCF_Corp__Walt_Disney_Co_The,0.8366597786065796,0.1200836218738447,0.0432565995195757,bbg_naive_bayes_temporal_tuned_full_training,bbg_key_match,Completed,completed,1997,1648,258,91,0.5,25.0,0.5,1.0,0.75,0.3329445317234491
E000001_20220526_VMware_Inc__Broadcom_Inc,0.8335226338699585,0.1131161144990581,0.0533612516309834,bbg_naive_bayes_temporal_tuned_full_training,bbg_key_match,Completed,completed,1997,1648,258,91,0.5,25.0,0.5,1.0,0.75,0.3329445317234491
E000002_20091103_Burlington_Northern_Santa_Fe_LLC__Berkshire_Hathaway_Inc,0.8393942843769849,0.1256246154894756,0.0349811001335394,bbg_naive_bayes_temporal_tuned_full_training,bbg_key_match,Completed,completed,1997,1648,258,91,0.5,25.0,0.5,1.0,0.75,0.3329445317234491
E000003_20150528_Broadcom_Corp__Avago_Technologies_Ltd,0.8297087466550224,0.1278744544365617,0.0424167989084159,bbg_naive_bayes_temporal_tuned_full_training,bbg_key_match,Completed,completed,1997,1648,258,91,0.5,25.0,0.5,1.0,0.75,0.3329445317234491
E000004_20180430_Andeavor__Marathon_Petroleum_Corp,0.8432623926110627,0.1154847574889912,0.041252849899946,bbg_naive_bayes_temporal_tuned_full_training,bbg_key_match,Completed,completed,1997,1648,258,91,0.5,25.0,0.5,1.0,0.75,0.3329445317234491
E000005_20160125_Johnson_Controls_Inc__Johnson_Controls_International_plc,0.8294249043951712,0.1262127186054994,0.0443623769993294,bbg_naive_bayes_temporal_tuned_full_training,bbg_key_match,Completed,completed,1997,1648,258,91,0.5,25.0,0.5,1.0,0.75,0.3329445317234491
E000006_20190624_Caesars_Holdings_Inc__Caesars_Entertainment_Inc,0.8430595753058321,0.1143442456679547,0.0425961790262132,bbg_naive_bayes_temporal_tuned_full_training,bbg_key_match,Completed,completed,1997,1648,258,91,0.5,25.0,0.5,1.0,0.75,0.3329445317234491
E000007_20260419_TopBuild_Corp__QXO_Inc,0.8447315422262723,0.1063063904222713,0.0489620673514563,bbg_naive_bayes_temporal_tuned_full_training,bbg_key_match,Completed,completed,1997,1648,258,91,0.5,25.0,0.5,1.0,0.75,0.3329445317234491
E000008_20230412_Triton_International_Ltd_Bermuda__Brookfield_Infrastructure_Corp,0.8404870980761878,0.1179027733656196,0.0416101285581925,bbg_naive_bayes_temporal_tuned_full_training,bbg_key_match,Completed,completed,1997,1648,258,91,0.5,25.0,0.5,1.0,0.75,0.3329445317234491
E000009_20220504_Black_Knight_Inc__Intercontinental_Exchange_Inc,0.8469031083590515,0.1094871873453184,0.04360970429563,bbg_naive_bayes_temporal_tuned_full_training,bbg_key_match,Completed,completed,1997,1648,258,91,0.5,25.0,0.5,1.0,0.75,0.3329445317234491
E000010_20121220_NYSE_Euronext__Intercontinental_Exchange_Inc,0.8462249006357707,0.1184070795865191,0.0353680197777101,bbg_naive_bayes_temporal_tuned_full_training,bbg_key_match,Completed,completed,1997,1648,258,91,0.5,25.0,0.5,1.0,0.75,0.3329445317234491
E000011_20090420_Pepsi_Bottling_Group_Inc_The__PepsiCo_Inc,0.8445470906194432,0.1207726155835407,0.0346802937970159,bbg_naive_bayes_temporal_tuned_full_training,bbg_key_match,Completed,completed,1997,1648,258,91,0.5,25.0,0.5,1.0,0.75,0.3329445317234491
E000012_20131023_Cole_Real_Estate_Investment_Inc__VEREIT_Inc,0.6910679395085368,0.219897074482977,0.0890349860084861,bbg_naive_bayes_temporal_tuned_full_training,event_frame_fallback_no_bbg_key_match,Completed,completed,1997,1648,258,91,0.5,25.0,0.5,1.0,0.75,0.3329445317234491
E000013_20070216_BBVA_USA_Bancshares_Inc__Banco_Bilbao_Vizcaya_Argentaria_SA,0.6958515244426562,0.2605375740124834,0.0436109015448603,bbg_naive_bayes_temporal_tuned_full_training,event_frame_fallback_no_bbg_key_match,Completed,completed,1997,1648,258,91,0.5,25.0,0.5,1.0,0.75,0.3329445317234491
E000014_20110616_Southern_Union_Co__Energy_Transfer_LP,0.8459908745142162,0.118958554021797,0.0350505714639867,bbg_naive_bayes_temporal_tuned_full_training,bbg_key_match,Completed,completed,1997,1648,258,91,0.5,25.0,0.5,1.0,0.75,0.3329445317234491
E000015_20171030_CalAtlantic_Group_Inc_old__Lennar_Corp,0.848453398604176,0.1136194825892481,0.0379271188065759,bbg_naive_bayes_temporal_tuned_full_training,bbg_key_match,Completed,completed,1997,1648,258,91,0.5,25.0,0.5,1.0,0.75,0.3329445317234491
E000016_20110720_Nalco_Holding_Co__Ecolab_Inc,0.8464699150013751,0.1185234059657312,0.0350066790328937,bbg_naive_bayes_temporal_tuned_full_training,bbg_key_match,Completed,completed,1997,1648,258,91,0.5,25.0,0.5,1.0,0.75,0.3329445317234491
E000017_20211214_Terminix_Global_Holdings_Inc__Rentokil_Initial_PLC,0.8107918589586858,0.1183123355099968,0.0708958055313175,bbg_naive_bayes_temporal_tuned_full_training,bbg_key_match,Completed,completed,1997,1648,258,91,0.5,25.0,0.5,1.0,0.75,0.3329445317234491
E000018_20080317_NYMEX_Holdings_Inc__CME_Group_Inc,0.8449141792172807,0.1205681932982728,0.0345176274844464,bbg_naive_bayes_temporal_tuned_full_training,bbg_key_match,Completed,completed,1997,1648,258,91,0.5,25.0,0.5,1.0,0.75,0.3329445317234491
E000020_20230306_Energy_Harbor_Corp__Vistra_Corp,0.8553233976668825,0.1043654422347774,0.0403111600983401,bbg_naive_bayes_temporal_tuned_full_training,bbg_key_match,Completed,completed,1997,1648,258,91,0.5,25.0,0.5,1.0,0.75,0.3329445317234491
E000021_20080612_Applied_Biosystems_Inc__Life_Technologies_Corp,0.845370555683012,0.1201284572136054,0.0345009871033826,bbg_naive_bayes_temporal_tuned_full_training,bbg_key_match,Completed,completed,1997,1648,258,91,0.5,25.0,0.5,1.0,0.75,0.3329445317234491
E000022_20140713_URS_Corp__AECOM,0.8488737902744472,0.1152958842260235,0.0358303254995293,bbg_naive_bayes_temporal_tuned_full_training,bbg_key_match,Completed,completed,1997,1648,258,91,0.5,25.0,0.5,1.0,0.75,0.3329445317234491
E000023_20070501_Dow_Jones___Co_Inc__TFCF_Corp,0.8451062603396378,0.1204817130452785,0.0344120266150837,bbg_naive_bayes_temporal_tuned_full_training,bbg_key_match,Completed,completed,1997,1648,258,91,0.5,25.0,0.5,1.0,0.75,0.3329445317234491
E000024_20161117_Western_Refining_Inc__Andeavor,0.8497091554868609,0.1135212637027785,0.0367695808103606,bbg_naive_bayes_temporal_tuned_full_training,bbg_key_match,Completed,completed,1997,1648,258,91,0.5,25.0,0.5,1.0,0.75,0.3329445317234491
E000025_20061006_Global_Signal_Inc__Crown_Castle_Inc,0.8446765477339322,0.1209717431664091,0.0343517090996586,bbg_naive_bayes_temporal_tuned_full_training,bbg_key_match,Completed,completed,1997,1648,258,91,0.5,25.0,0.5,1.0,0.75,0.3329445317234491
E000026_20180502_MTGE_Investment_Corp__Annaly_Capital_Management_Inc,0.8504133437327319,0.1116020130989496,0.0379846431683184,bbg_naive_bayes_temporal_tuned_full_training,bbg_key_match,Completed,completed,1997,1648,258,91,0.5,25.0,0.5,1.0,0.75,0.3329445317234491
E000027_20150122_City_National_Corp_CA__Royal_Bank_of_Canada,0.8556837183398082,0.1097643166389494,0.0345519650212424,bbg_naive_bayes_temporal_tuned_full_training,bbg_key_match,Completed,completed,1997,1648,258,91,0.5,25.0,0.5,1.0,0.75,0.3329445317234491
E000028_20190402_AmeriGas_Partners_LP__UGI_Corp,0.8505254435400948,0.1107747594999235,0.0386997969599816,bbg_naive_bayes_temporal_tuned_full_training,bbg_key_match,Completed,completed,1997,1648,258,91,0.5,25.0,0.5,1.0,0.75,0.3329445317234491
E000029_20120827_Hudson_City_Bancorp_Inc__M_T_Bank_Corp,0.8546336995176824,0.1105173989556411,0.0348489015266764,bbg_naive_bayes_temporal_tuned_full_training,bbg_key_match,Completed,completed,1997,1648,258,91,0.5,25.0,0.5,1.0,0.75,0.3329445317234491
E000030_20180906_LaSalle_Hotel_Properties__Pebblebrook_Hotel_Trust,0.8506332943707047,0.1115021381593624,0.037864567469933,bbg_naive_bayes_temporal_tuned_full_training,bbg_key_match,Completed,completed,1997,1648,258,91,0.5,25.0,0.5,1.0,0.75,0.3329445317234491
E000031_20180129_KapStone_Paper_and_Packaging_Corp__Westrock_Co,0.850687348955746,0.1114706761484846,0.0378419748957692,bbg_naive_bayes_temporal_tuned_full_training,bbg_key_match,Completed,completed,1997,1648,258,91,0.5,25.0,0.5,1.0,0.75,0.3329445317234491
E000032_20170307_TerraForm_Power_Inc__Brookfield_Corp,0.8516396403489301,0.1134353283551155,0.0349250312959543,bbg_naive_bayes_temporal_tuned_full_training,bbg_key_match,Completed,completed,1997,1648,258,91,0.5,25.0,0.5,1.0,0.75,0.3329445317234491
E000033_20250515_Foot_Locker_Inc__Dick_s_Sporting_Goods_Inc,0.8504252070568613,0.1058565793846144,0.0437182135585242,bbg_naive_bayes_temporal_tuned_full_training,bbg_key_match,Completed,completed,1997,1648,258,91,0.5,25.0,0.5,1.0,0.75,0.3329445317234491
E000034_20070219_Florida_Rock_Industries_Inc__Vulcan_Materials_Co,0.8458546159061678,0.1197502811552722,0.03439510293856,bbg_naive_bayes_temporal_tuned_full_training,bbg_key_match,Completed,completed,1997,1648,258,91,0.5,25.0,0.5,1.0,0.75,0.3329445317234491
E000036_20260224_Thermon_Group_Holdings_Inc__CECO_Environmental_Corp,0.8510150850225462,0.1049534524378436,0.0440314625396102,bbg_naive_bayes_temporal_tuned_full_training,bbg_key_match,Completed,completed,1997,1648,258,91,0.5,25.0,0.5,1.0,0.75,0.3329445317234491
E000037_20090420_PepsiAmericas_Inc__PepsiCo_Inc,0.8473829077354148,0.1180672673883707,0.0345498248762145,bbg_naive_bayes_temporal_tuned_full_training,bbg_key_match,Completed,completed,1997,1648,258,91,0.5,25.0,0.5,1.0,0.75,0.3329445317234491
E000038_20100415_Mariner_Energy_Inc__Apache_Corp,0.8480479800201193,0.1172841176377786,0.0346679023421021,bbg_naive_bayes_temporal_tuned_full_training,bbg_key_match,Completed,completed,1997,1648,258,91,0.5,25.0,0.5,1.0,0.75,0.3329445317234491
E000039_20070604_Solectron_Corp__Flex_Ltd,0.8369420930202623,0.1284891302755922,0.0345687767041454,bbg_naive_bayes_temporal_tuned_full_training,bbg_key_match,Completed,completed,1997,1648,258,91,0.5,25.0,0.5,1.0,0.75,0.3329445317234491
E000040_20170504_Capital_Bank_Financial_Corp__First_Horizon_Corp,0.8573341516467922,0.1067444016135922,0.0359214467396155,bbg_naive_bayes_temporal_tuned_full_training,bbg_key_match,Completed,completed,1997,1648,258,91,0.5,25.0,0.5,1.0,0.75,0.3329445317234491
E000041_20181009_Antero_Midstream_Partners_LP__Antero_Midstream_Corp,0.8398167412331657,0.1189895195957412,0.041193739171093,bbg_naive_bayes_temporal_tuned_full_training,bbg_key_match,Completed,completed,1997,1648,258,91,0.5,25.0,0.5,1.0,0.75,0.3329445317234491
E000042_20140113_Foster_Wheeler_AG__Amec_Foster_Wheeler_Ltd,0.8064355458087524,0.1418204463657971,0.0517440078254505,bbg_naive_bayes_temporal_tuned_full_training,bbg_key_match,Completed,completed,1997,1648,258,91,0.5,25.0,0.5,1.0,0.75,0.3329445317234491
E000043_20181109_Finisar_Corp__Coherent_Corp,0.8528469100747486,0.1100664948245171,0.0370865951007344,bbg_naive_bayes_temporal_tuned_full_training,bbg_key_match,Completed,completed,1997,1648,258,91,0.5,25.0,0.5,1.0,0.75,0.3329445317234491
E000044_20060905_Veritas_DGC_Inc__Viridien,0.8476494280199935,0.1175322035392186,0.0348183684407879,bbg_naive_bayes_temporal_tuned_full_training,bbg_key_match,Completed,completed,1997,1648,258,91,0.5,25.0,0.5,1.0,0.75,0.3329445317234491
E000045_20200207_FGL_Holdings__Fidelity_National_Financial_Inc,0.8528142208903615,0.1088141328387524,0.038371646270886,bbg_naive_bayes_temporal_tuned_full_training,bbg_key_match,Completed,completed,1997,1648,258,91,0.5,25.0,0.5,1.0,0.75,0.3329445317234491
E000046_20140321_LIN_Media_LLC__Media_General_Inc,0.8512045820074261,0.1133867538035102,0.0354086641890636,bbg_naive_bayes_temporal_tuned_full_training,bbg_key_match,Completed,completed,1997,1648,258,91,0.5,25.0,0.5,1.0,0.75,0.3329445317234491
E000047_20140602_American_Realty_Capital_Healthcare_Trust_Inc__Ventas_Inc,0.851441278921488,0.1131799594435943,0.0353787616349176,bbg_naive_bayes_temporal_tuned_full_training,bbg_key_match,Completed,completed,1997,1648,258,91,0.5,25.0,0.5,1.0,0.75,0.3329445317234491
E000048_20071207_Rovi_Guides_Inc__Rovi_Corp,0.8476070669563646,0.1180327845807949,0.0343601484628405,bbg_naive_bayes_temporal_tuned_full_training,bbg_key_match,Completed,completed,1997,1648,258,91,0.5,25.0,0.5,1.0,0.75,0.3329445317234491
E000049_20140911_Conversant_Inc__Bread_Financial_Holdings_Inc,0.8513912427035228,0.1132312014959583,0.0353775558005187,bbg_naive_bayes_temporal_tuned_full_training,bbg_key_match,Completed,completed,1997,1648,258,91,0.5,25.0,0.5,1.0,0.75,0.3329445317234491
E000050_20140917_Auxilium_Pharmaceuticals_LLC__Endo_International_PLC,0.6881933951333997,0.2096962894991568,0.1021103153674434,bbg_naive_bayes_temporal_tuned_full_training,event_frame_fallback_no_bbg_key_match,Completed,completed,1997,1648,258,91,0.5,25.0,0.5,1.0,0.75,0.3329445317234491
E000051_20140312_EPL_Oil___Gas_Inc__Energy_XXI_Ltd,0.842654121625698,0.1205562540213328,0.0367896243529693,bbg_naive_bayes_temporal_tuned_full_training,bbg_key_match,Completed,completed,1997,1648,258,91,0.5,25.0,0.5,1.0,0.75,0.3329445317234491
E000052_20240628_Infinera_Corp__Nokia_Oyj,0.8413517384503639,0.1031337093614746,0.0555145521881613,bbg_naive_bayes_temporal_tuned_full_training,bbg_key_match,Completed,completed,1997,1648,258,91,0.5,25.0,0.5,1.0,0.75,0.3329445317234491
E000053_20140428_Susser_Holdings_Corp__ETP_Legacy_LP,0.8515465545906368,0.113101644135722,0.0353518012736412,bbg_naive_bayes_temporal_tuned_full_training,bbg_key_match,Completed,completed,1997,1648,258,91,0.5,25.0,0.5,1.0,0.75,0.3329445317234491
E000054_20240229_Sterling_Check_Corp__First_Advantage_Corp,0.8583486137343302,0.1028500345611375,0.0388013517045323,bbg_naive_bayes_temporal_tuned_full_training,bbg_key_match,Completed,completed,1997,1648,258,91,0.5,25.0,0.5,1.0,0.75,0.3329445317234491
E000055_20240516_SilverBow_Resources_Inc__Crescent_Energy_Co,0.853489459789363,0.1056894307444977,0.0408211094661394,bbg_naive_bayes_temporal_tuned_full_training,bbg_key_match,Completed,completed,1997,1648,258,91,0.5,25.0,0.5,1.0,0.75,0.3329445317234491
E000056_20080609_Hilb_Rogal___Hobbs_Co__Willis_Towers_Watson_PLC,0.8392297468286457,0.1261249546350533,0.034645298536301,bbg_naive_bayes_temporal_tuned_full_training,bbg_key_match,Completed,completed,1997,1648,258,91,0.5,25.0,0.5,1.0,0.75,0.3329445317234491
E000057_20250806_Aris_Water_Solution_Inc__Western_Midstream_Partners_LP,0.6498750788081133,0.1222976844763354,0.2278272367155512,bbg_naive_bayes_temporal_tuned_full_training,event_frame_fallback_no_bbg_key_match,Completed,completed,1997,1648,258,91,0.5,25.0,0.5,1.0,0.75,0.3329445317234491
E000058_20160919_Isle_of_Capri_Casinos_Inc__Caesars_Entertainment_Inc,0.8526076900114387,0.1114181666600096,0.0359741433285517,bbg_naive_bayes_temporal_tuned_full_training,bbg_key_match,Completed,completed,1997,1648,258,91,0.5,25.0,0.5,1.0,0.75,0.3329445317234491
E000059_20100118_Brink_s_Home_Security_Holdings_Inc__Johnson_Controls_International_plc,0.8407984499013663,0.1241824607076836,0.0350190893909501,bbg_naive_bayes_temporal_tuned_full_training,bbg_key_match,Completed,completed,1997,1648,258,91,0.5,25.0,0.5,1.0,0.75,0.3329445317234491
E000060_20070627_Chittenden_Corp__People_s_United_Financial_Inc,0.8545190090212589,0.1111706237963362,0.0343103671824049,bbg_naive_bayes_temporal_tuned_full_training,bbg_key_match,Completed,completed,1997,1648,258,91,0.5,25.0,0.5,1.0,0.75,0.3329445317234491
E000061_20150817_National_Penn_Bancshares_Inc__Truist_Financial_Corp,0.8575059114252855,0.1073170824871837,0.0351770060875307,bbg_naive_bayes_temporal_tuned_full_training,bbg_key_match,Completed,completed,1997,1648,258,91,0.5,25.0,0.5,1.0,0.75,0.3329445317234491
E000062_20070129_First_Republic_Bank_Old__Merrill_Lynch___Co_Inc,0.8545654866519043,0.1111249681409135,0.0343095452071822,bbg_naive_bayes_temporal_tuned_full_training,bbg_key_match,Completed,completed,1997,1648,258,91,0.5,25.0,0.5,1.0,0.75,0.3329445317234491
E000063_20160411_Hatteras_Financial_Corp__Annaly_Capital_Management_Inc,0.8527158538552299,0.1113370253254883,0.0359471208192818,bbg_naive_bayes_temporal_tuned_full_training,bbg_key_match,Completed,completed,1997,1648,258,91,0.5,25.0,0.5,1.0,0.75,0.3329445317234491
E000064_20180213_Nationstar_Mortgage_Holdings_Inc__Mr_Cooper_Group_Inc,0.8533883356892564,0.1097971581529255,0.036814506157818,bbg_naive_bayes_temporal_tuned_full_training,bbg_key_match,Completed,completed,1997,1648,258,91,0.5,25.0,0.5,1.0,0.75,0.3329445317234491
E000065_20101217_Cumulus_Intermediate_Holdings_LLC__Cumulus_Media_Inc,0.8498894276941688,0.1155425871215092,0.034567985184322,bbg_naive_bayes_temporal_tuned_full_training,bbg_key_match,Completed,completed,1997,1648,258,91,0.5,25.0,0.5,1.0,0.75,0.3329445317234491
E000066_20121108_KAYAK_Software_Corp__Booking_Holdings_Inc,0.8511364122608278,0.114026959419471,0.0348366283197012,bbg_naive_bayes_temporal_tuned_full_training,bbg_key_match,Completed,completed,1997,1648,258,91,0.5,25.0,0.5,1.0,0.75,0.3329445317234491
E000067_20070906_Alabama_National_Bancorporation__Royal_Bank_of_Canada,0.8537768209505101,0.1119842629148815,0.0342389161346084,bbg_naive_bayes_temporal_tuned_full_training,bbg_key_match,Completed,completed,1997,1648,258,91,0.5,25.0,0.5,1.0,0.75,0.3329445317234491
E000068_20181119_Resolute_Energy_Corp__Cimarex_Energy_Co,0.8536488445541743,0.1096371880847252,0.0367139673611005,bbg_naive_bayes_temporal_tuned_full_training,bbg_key_match,Completed,completed,1997,1648,258,91,0.5,25.0,0.5,1.0,0.75,0.3329445317234491
E000069_20100819_NewAlliance_Bancshares_Inc__First_Niagara_Financial_Group_Inc,0.8559699312388147,0.1095778375484647,0.0344522312127206,bbg_naive_bayes_temporal_tuned_full_training,bbg_key_match,Completed,completed,1997,1648,258,91,0.5,25.0,0.5,1.0,0.75,0.3329445317234491
E000070_20070603_Digene_Corp__QIAGEN_NV,0.8399699599964022,0.1255418480761598,0.0344881919274379,bbg_naive_bayes_temporal_tuned_full_training,bbg_key_match,Completed,completed,1997,1648,258,91,0.5,25.0,0.5,1.0,0.75,0.3329445317234491
E000071_20101018_AGA_Medical_Holdings_Inc__St_Jude_Medical_Inc,0.8558957429348716,0.1096592464707572,0.0344450105943711,bbg_naive_bayes_temporal_tuned_full_training,bbg_key_match,Completed,completed,1997,1648,258,91,0.5,25.0,0.5,1.0,0.75,0.3329445317234491
E000072_20070214_TALX_Corp__Equifax_Inc,0.8489742550373108,0.1166900971758077,0.0343356477868815,bbg_naive_bayes_temporal_tuned_full_training,bbg_key_match,Completed,completed,1997,1648,258,91,0.5,25.0,0.5,1.0,0.75,0.3329445317234491
E000073_20181030_WildHorse_Resource_Development_Corp__Expand_Energy_Corp,0.854144690110477,0.1093104544856105,0.0365448554039125,bbg_naive_bayes_temporal_tuned_full_training,bbg_key_match,Completed,completed,1997,1648,258,91,0.5,25.0,0.5,1.0,0.75,0.3329445317234491
E000074_20160303_Carmike_Cinemas_Inc__AMC_Entertainment_Holdings_Inc,0.8535206900215832,0.1107306665586207,0.0357486434197961,bbg_naive_bayes_temporal_tuned_full_training,bbg_key_match,Completed,completed,1997,1648,258,91,0.5,25.0,0.5,1.0,0.75,0.3329445317234491
E000075_20200806_Sirius_International_Insurance_Group_Ltd__SiriusPoint_Ltd,0.8379569835151099,0.1143270812765996,0.0477159352082904,bbg_naive_bayes_temporal_tuned_full_training,bbg_key_match,Completed,completed,1997,1648,258,91,0.5,25.0,0.5,1.0,0.75,0.3329445317234491
E000076_20070816_First_Charter_Corp__Fifth_Third_Bancorp,0.8552975318488084,0.110405385761313,0.0342970823898786,bbg_naive_bayes_temporal_tuned_full_training,bbg_key_match,Completed,completed,1997,1648,258,91,0.5,25.0,0.5,1.0,0.75,0.3329445317234491
E000077_20060727_Fidelity_Bankshares_Inc__National_City_Corp,0.8550248125450035,0.1107029064456074,0.0342722810093891,bbg_naive_bayes_temporal_tuned_full_training,bbg_key_match,Completed,completed,1997,1648,258,91,0.5,25.0,0.5,1.0,0.75,0.3329445317234491
E000078_20201005_Eidos_Therapeutics_Inc__Bridgebio_Pharma_Inc,0.8593514241299925,0.1042418602916797,0.0364067155783278,bbg_naive_bayes_temporal_tuned_full_training,bbg_key_match,Completed,completed,1997,1648,258,91,0.5,25.0,0.5,1.0,0.75,0.3329445317234491
E000079_20250113_Enfusion_Inc__Clearwater_Analytics_Holdings_Inc,0.859706738215227,0.1019787183319153,0.0383145434528577,bbg_naive_bayes_temporal_tuned_full_training,bbg_key_match,Completed,completed,1997,1648,258,91,0.5,25.0,0.5,1.0,0.75,0.3329445317234491
E000080_20091021_Switch___Data_Facilities_Co_Inc__Equinix_Inc,0.8506652710799552,0.1149076222523074,0.0344271066677375,bbg_naive_bayes_temporal_tuned_full_training,bbg_key_match,Completed,completed,1997,1648,258,91,0.5,25.0,0.5,1.0,0.75,0.3329445317234491
E000081_20150507_Micrel_Inc__Microchip_Technology_Inc,0.853774983588374,0.1109069689061841,0.0353180475054418,bbg_naive_bayes_temporal_tuned_full_training,bbg_key_match,Completed,completed,1997,1648,258,91,0.5,25.0,0.5,1.0,0.75,0.3329445317234491
E000082_20070501_Community_Banks_Inc_PA__Susquehanna_Bancshares_Inc,0.8556840944338862,0.1100250495182496,0.0342908560478643,bbg_naive_bayes_temporal_tuned_full_training,bbg_key_match,Completed,completed,1997,1648,258,91,0.5,25.0,0.5,1.0,0.75,0.3329445317234491
E000083_20120723_GeoEye_Inc__DigitalGlobe_Inc,0.852341005605621,0.1129332817412681,0.0347257126531109,bbg_naive_bayes_temporal_tuned_full_training,bbg_key_match,Completed,completed,1997,1648,258,91,0.5,25.0,0.5,1.0,0.75,0.3329445317234491
E000084_20100813_Allis-Chalmers_Energy_Inc__Archer_Ltd,0.6958064981475733,0.245000502292349,0.0591929995600777,bbg_naive_bayes_temporal_tuned_full_training,event_frame_fallback_no_bbg_key_match,Completed,completed,1997,1648,258,91,0.5,25.0,0.5,1.0,0.75,0.3329445317234491
E000085_20180607_AV_Homes_Inc__Taylor_Morrison_Home_Corp,0.8549128662811949,0.10880872329779,0.036278410421015,bbg_naive_bayes_temporal_tuned_full_training,bbg_key_match,Completed,completed,1997,1648,258,91,0.5,25.0,0.5,1.0,0.75,0.3329445317234491
E000086_20101222_Sonic_Solutions_LLC__Rovi_Corp,0.8694362017804155,0.0963464391691394,0.0342173590504451,bbg_naive_bayes_temporal_tuned_full_training,bbg_key_match,Completed,completed,1997,1648,258,91,0.5,25.0,0.5,1.0,0.75,0.3329445317234491
E000087_20200113_Primo_Water_Operations_Inc__Primo_Water_Corp,0.8567980119210125,0.1082793430816974,0.0349226449972901,bbg_naive_bayes_temporal_tuned_full_training,bbg_key_match,Completed,completed,1997,1648,258,91,0.5,25.0,0.5,1.0,0.75,0.3329445317234491
E000088_20160825_AEP_Industries_Inc__Berry_Global_Group_Inc,0.8543014821315955,0.11013189193394,0.0355666259344645,bbg_naive_bayes_temporal_tuned_full_training,bbg_key_match,Completed,completed,1997,1648,258,91,0.5,25.0,0.5,1.0,0.75,0.3329445317234491
E000089_20170828_IXYS_Corp__Littelfuse_Inc,0.8547200573353861,0.1094083123321041,0.0358716303325097,bbg_naive_bayes_temporal_tuned_full_training,bbg_key_match,Completed,completed,1997,1648,258,91,0.5,25.0,0.5,1.0,0.75,0.3329445317234491
E000090_20200115_Pope_Resources_a_Delaware_LP__Rayonier_Inc,0.8556088699401999,0.1073231244175869,0.0370680056422132,bbg_naive_bayes_temporal_tuned_full_training,bbg_key_match,Completed,completed,1997,1648,258,91,0.5,25.0,0.5,1.0,0.75,0.3329445317234491
E000091_20070923_C-COR_Inc_Old__ARRIS_Group_Inc,0.8500433579962144,0.1156383936449085,0.0343182483588771,bbg_naive_bayes_temporal_tuned_full_training,bbg_key_match,Completed,completed,1997,1648,258,91,0.5,25.0,0.5,1.0,0.75,0.3329445317234491
E000092_20100419_GEO_Reentry_Inc__GEO_Group_Inc_The,0.8515721548129666,0.113940308572384,0.0344875366146494,bbg_naive_bayes_temporal_tuned_full_training,bbg_key_match,Completed,completed,1997,1648,258,91,0.5,25.0,0.5,1.0,0.75,0.3329445317234491
E000093_20130909_MTR_Gaming_Group_Inc__Caesars_Entertainment_Inc,0.8532008980065662,0.1119551733976235,0.0348439285958103,bbg_naive_bayes_temporal_tuned_full_training,bbg_key_match,Completed,completed,1997,1648,258,91,0.5,25.0,0.5,1.0,0.75,0.3329445317234491
E000094_20170710_Hawaiian_Telcom_Holdco_Inc__Cincinnati_Bell_Inc,0.8549148104761716,0.1092657646194658,0.0358194249043626,bbg_naive_bayes_temporal_tuned_full_training,bbg_key_match,Completed,completed,1997,1648,258,91,0.5,25.0,0.5,1.0,0.75,0.3329445317234491
E000095_20080520_China_Water___Drinks_Inc__Nuverra_Environmental_Solutions_Inc,0.8564278534527642,0.1092598720614488,0.034312274485787,bbg_naive_bayes_temporal_tuned_full_training,bbg_key_match,Completed,completed,1997,1648,258,91,0.5,25.0,0.5,1.0,0.75,0.3329445317234491
E000096_20120206_SureWest_Communications_Old__Consolidated_Communications_Holdings_Inc,0.8528770650671071,0.1124424469866977,0.0346804879461951,bbg_naive_bayes_temporal_tuned_full_training,bbg_key_match,Completed,completed,1997,1648,258,91,0.5,25.0,0.5,1.0,0.75,0.3329445317234491
E000097_20070719_Partners_Trust_Financial_Group_Inc__M_T_Bank_Corp,0.8561432982517748,0.1095729424412645,0.0342837593069606,bbg_naive_bayes_temporal_tuned_full_training,bbg_key_match,Completed,completed,1997,1648,258,91,0.5,25.0,0.5,1.0,0.75,0.3329445317234491
E000098_20100826_Wesco_Financial_Corp__Berkshire_Hathaway_Inc,0.8572380803708965,0.1083677898263535,0.0343941298027499,bbg_naive_bayes_temporal_tuned_full_training,bbg_key_match,Completed,completed,1997,1648,258,91,0.5,25.0,0.5,1.0,0.75,0.3329445317234491
E000099_20170501_Angie_s_List_Inc__Match_Group_Inc,0.8552640104330738,0.1090071071920197,0.0357288823749065,bbg_naive_bayes_temporal_tuned_full_training,bbg_key_match,Completed,completed,1997,1648,258,91,0.5,25.0,0.5,1.0,0.75,0.3329445317234491
E000100_20110726_S1_Corp__ACI_Worldwide_Inc,0.8527983541320544,0.1126515598086153,0.0345500860593303,bbg_naive_bayes_temporal_tuned_full_training,bbg_key_match,Completed,completed,1997,1648,258,91,0.5,25.0,0.5,1.0,0.75,0.3329445317234491
E000101_20150622_Martha_Stewart_Living_Omnimedia_Inc__SQBG_Inc,0.8590388906845459,0.1060712110805252,0.0348898982349289,bbg_naive_bayes_temporal_tuned_full_training,bbg_key_match,Completed,completed,1997,1648,258,91,0.5,25.0,0.5,1.0,0.75,0.3329445317234491
E000102_20250424_HarborOne_Bancorp_Inc__Eastern_Bankshares_Inc,0.8607043626466848,0.1016548313200465,0.0376408060332688,bbg_naive_bayes_temporal_tuned_full_training,bbg_key_match,Completed,completed,1997,1648,258,91,0.5,25.0,0.5,1.0,0.75,0.3329445317234491
E000103_20210729_Misonix_Inc__Bioventus_Inc,0.8603822264158351,0.1032989763305301,0.0363187972536348,bbg_naive_bayes_temporal_tuned_full_training,bbg_key_match,Completed,completed,1997,1648,258,91,0.5,25.0,0.5,1.0,0.75,0.3329445317234491
E000104_20110120_Danvers_Bancorp_Inc__People_s_United_Financial_Inc,0.8577351713377493,0.1078166803770444,0.0344481482852063,bbg_naive_bayes_temporal_tuned_full_training,bbg_key_match,Completed,completed,1997,1648,258,91,0.5,25.0,0.5,1.0,0.75,0.3329445317234491
E000105_20170630_Sun_Bancorp_Inc_NJ__OceanFirst_Financial_Corp,0.8596635661371834,0.105092178524646,0.0352442553381706,bbg_naive_bayes_temporal_tuned_full_training,bbg_key_match,Completed,completed,1997,1648,258,91,0.5,25.0,0.5,1.0,0.75,0.3329445317234491
E000106_20160112_Anchor_BanCorp_Wisconsin_Inc__Old_National_Bancorp_IN,0.8594205392489069,0.1055371082490576,0.0350423525020354,bbg_naive_bayes_temporal_tuned_full_training,bbg_key_match,Completed,completed,1997,1648,258,91,0.5,25.0,0.5,1.0,0.75,0.3329445317234491
E000107_20210622_County_Bancorp_Inc__Nicolet_Bankshares_Inc,0.8604751624847452,0.1032507542618461,0.0362740832534086,bbg_naive_bayes_temporal_tuned_full_training,bbg_key_match,Completed,completed,1997,1648,258,91,0.5,25.0,0.5,1.0,0.75,0.3329445317234491
E000108_20100202_COMSYS_IT_Partners_Inc__ManpowerGroup_Inc,0.8522734344967033,0.1132697117572374,0.0344568537460593,bbg_naive_bayes_temporal_tuned_full_training,bbg_key_match,Completed,completed,1997,1648,258,91,0.5,25.0,0.5,1.0,0.75,0.3329445317234491
E000109_20151123_CommunityOne_Bancorp__Capital_Bank_Financial_Corp,0.859394087043303,0.1057771035514667,0.0348288094052302,bbg_naive_bayes_temporal_tuned_full_training,bbg_key_match,Completed,completed,1997,1648,258,91,0.5,25.0,0.5,1.0,0.75,0.3329445317234491
E000110_20070702_North_Pittsburgh_Systems_Inc__Consolidated_Communications_Holdings_Inc,0.8510666814175956,0.1146307625636231,0.0343025560187813,bbg_naive_bayes_temporal_tuned_full_training,bbg_key_match,Completed,completed,1997,1648,258,91,0.5,25.0,0.5,1.0,0.75,0.3329445317234491
E000111_20110620_Tower_Bancorp_Inc__Susquehanna_Bancshares_Inc,0.8580586990094048,0.1075117324219425,0.0344295685686527,bbg_naive_bayes_temporal_tuned_full_training,bbg_key_match,Completed,completed,1997,1648,258,91,0.5,25.0,0.5,1.0,0.75,0.3329445317234491
E000112_20161024_Merchants_Bancshares_Inc_VT__Community_Financial_System_Inc,0.8597754121168213,0.1052580009817577,0.034966586901421,bbg_naive_bayes_temporal_tuned_full_training,bbg_key_match,Completed,completed,1997,1648,258,91,0.5,25.0,0.5,1.0,0.75,0.3329445317234491
E000113_20080220_ProCentury_Corp__Ameritrust_Group_Inc,0.857071368763129,0.1086300212279131,0.034298610008958,bbg_naive_bayes_temporal_tuned_full_training,bbg_key_match,Completed,completed,1997,1648,258,91,0.5,25.0,0.5,1.0,0.75,0.3329445317234491
E000114_20150127_Courier_Corp__RR_Donnelley___Sons_Co,0.8551429045846436,0.1097868907647474,0.0350702046506089,bbg_naive_bayes_temporal_tuned_full_training,bbg_key_match,Completed,completed,1997,1648,258,91,0.5,25.0,0.5,1.0,0.75,0.3329445317234491
E000115_20100410_Boots___Coots_LLC__Halliburton_Co,0.8427600468613363,0.122429005832338,0.0348109473063256,bbg_naive_bayes_temporal_tuned_full_training,bbg_key_match,Completed,completed,1997,1648,258,91,0.5,25.0,0.5,1.0,0.75,0.3329445317234491
E000116_20150422_Palmetto_Bancshares_Inc__United_Community_Banks_Inc_GA,0.8596619062173292,0.1055542012349785,0.0347838925476923,bbg_naive_bayes_temporal_tuned_full_training,bbg_key_match,Completed,completed,1997,1648,258,91,0.5,25.0,0.5,1.0,0.75,0.3329445317234491
E000117_20151208_Fox_Chase_Bancorp_Inc__Univest_Financial_Corp,0.8596769246398797,0.1055416759180054,0.034781399442115,bbg_naive_bayes_temporal_tuned_full_training,bbg_key_match,Completed,completed,1997,1648,258,91,0.5,25.0,0.5,1.0,0.75,0.3329445317234491
E000118_20110420_Bancorp_Rhode_Island_Inc__Brookline_Bancorp_Inc,0.8583760890275725,0.1072120732460285,0.0344118377263991,bbg_naive_bayes_temporal_tuned_full_training,bbg_key_match,Completed,completed,1997,1648,258,91,0.5,25.0,0.5,1.0,0.75,0.3329445317234491
E000119_20220524_PCSB_Financial_Corp__Brookline_Bancorp_Inc,0.8613171637849684,0.1024759594679721,0.0362068767470595,bbg_naive_bayes_temporal_tuned_full_training,bbg_key_match,Completed,completed,1997,1648,258,91,0.5,25.0,0.5,1.0,0.75,0.3329445317234491
E000120_20250403_Old_Point_Financial_Corp__Towne_Bank_Portsmouth_VA,0.8616748231749778,0.1013226338950771,0.037002542929945,bbg_naive_bayes_temporal_tuned_full_training,bbg_key_match,Completed,completed,1997,1648,258,91,0.5,25.0,0.5,1.0,0.75,0.3329445317234491
E000121_20070129_Premier_Community_Bankshares_Inc__United_Bankshares_Inc_WV,0.8570971018635878,0.1086329699570703,0.0342699281793419,bbg_naive_bayes_temporal_tuned_full_training,bbg_key_match,Completed,completed,1997,1648,258,91,0.5,25.0,0.5,1.0,0.75,0.3329445317234491
E000122_20070720_Oak_Hill_Financial_Inc__WesBanco_Inc,0.8571041916018786,0.1086259793027938,0.0342698290953276,bbg_naive_bayes_temporal_tuned_full_training,bbg_key_match,Completed,completed,1997,1648,258,91,0.5,25.0,0.5,1.0,0.75,0.3329445317234491
E000123_20130306_Asset_Acceptance_Capital_Corp__Encore_Capital_Group_Inc,0.8546522679919576,0.1106550888139226,0.0346926431941198,bbg_naive_bayes_temporal_tuned_full_training,bbg_key_match,Completed,completed,1997,1648,258,91,0.5,25.0,0.5,1.0,0.75,0.3329445317234491
E000124_20070702_First_Mutual_Bancshares_Inc__WaFd_Inc,0.8571642186486991,0.1085667895891335,0.0342689917621674,bbg_naive_bayes_temporal_tuned_full_training,bbg_key_match,Completed,completed,1997,1648,258,91,0.5,25.0,0.5,1.0,0.75,0.3329445317234491
E000125_20141215_LNB_Bancorp_Inc__Northwest_Bancshares_Inc,0.8595657152062273,0.1058003812016438,0.0346339035921289,bbg_naive_bayes_temporal_tuned_full_training,bbg_key_match,Completed,completed,1997,1648,258,91,0.5,25.0,0.5,1.0,0.75,0.3329445317234491
E000126_20071217_IBT_Bancorp_Inc_PA__S_T_Bancorp_Inc,0.8571929346091445,0.108538473247489,0.0342685921433665,bbg_naive_bayes_temporal_tuned_full_training,bbg_key_match,Completed,completed,1997,1648,258,91,0.5,25.0,0.5,1.0,0.75,0.3329445317234491
E000127_20060919_Summit_Bank_Corp__UCBH_Holdings_Inc,0.8569038980142808,0.1088430991936997,0.0342530027920195,bbg_naive_bayes_temporal_tuned_full_training,bbg_key_match,Completed,completed,1997,1648,258,91,0.5,25.0,0.5,1.0,0.75,0.3329445317234491
E000128_20170126_Centrue_Financial_Corp__Midland_States_Bancorp_Inc,0.8604822449745346,0.104484585521358,0.0350331695041073,bbg_naive_bayes_temporal_tuned_full_training,bbg_key_match,Completed,completed,1997,1648,258,91,0.5,25.0,0.5,1.0,0.75,0.3329445317234491
E000129_20191001_Altera_Infrastructure_LP__Brookfield_Business_Partners_LP,0.8408360514604047,0.1223725974238814,0.0367913511157139,bbg_naive_bayes_temporal_tuned_full_training,bbg_key_match,Completed,completed,1997,1648,258,91,0.5,25.0,0.5,1.0,0.75,0.3329445317234491
E000130_20060914_Vision_Bancshares_Inc_AL__Park_National_Corp,0.8569416059625146,0.1088057500270147,0.0342526440104707,bbg_naive_bayes_temporal_tuned_full_training,bbg_key_match,Completed,completed,1997,1648,258,91,0.5,25.0,0.5,1.0,0.75,0.3329445317234491
E000131_20170501_ASB_Bancorp_Inc__First_Bancorp_Southern_Pines_NC,0.8605117903455807,0.1044624728860171,0.0350257367684022,bbg_naive_bayes_temporal_tuned_full_training,bbg_key_match,Completed,completed,1997,1648,258,91,0.5,25.0,0.5,1.0,0.75,0.3329445317234491
E000132_20070125_Civitas_BankGroup_Inc__Green_Bankshares_Inc,0.8572600643374397,0.1084722755708182,0.034267660091742,bbg_naive_bayes_temporal_tuned_full_training,bbg_key_match,Completed,completed,1997,1648,258,91,0.5,25.0,0.5,1.0,0.75,0.3329445317234491
E000133_20061101_Business_Bank_Corp__City_National_Corp_CA,0.8569510321292604,0.1087964134578207,0.0342525544129189,bbg_naive_bayes_temporal_tuned_full_training,bbg_key_match,Completed,completed,1997,1648,258,91,0.5,25.0,0.5,1.0,0.75,0.3329445317234491
E000135_20090908_Intellon_Corp__Qualcomm_Atheros_Inc,0.8534087714557828,0.1122374073744356,0.0343538211697817,bbg_naive_bayes_temporal_tuned_full_training,bbg_key_match,Completed,completed,1997,1648,258,91,0.5,25.0,0.5,1.0,0.75,0.3329445317234491
E000136_20130422_Met-Pro_Corp__CECO_Environmental_Corp,0.854858229200899,0.1104709523456594,0.0346708184534416,bbg_naive_bayes_temporal_tuned_full_training,bbg_key_match,Completed,completed,1997,1648,258,91,0.5,25.0,0.5,1.0,0.75,0.3329445317234491
E000137_20070910_Great_Lakes_Bancorp_Inc__First_Niagara_Financial_Group_Inc,0.8573158957800809,0.1084172173148868,0.0342668869050322,bbg_naive_bayes_temporal_tuned_full_training,bbg_key_match,Completed,completed,1997,1648,258,91,0.5,25.0,0.5,1.0,0.75,0.3329445317234491
E000138_20141030_Integrity_Bancshares_Inc_PA__S_T_Bancorp_Inc,0.8596825001178903,0.1056985260830171,0.0346189737990925,bbg_naive_bayes_temporal_tuned_full_training,bbg_key_match,Completed,completed,1997,1648,258,91,0.5,25.0,0.5,1.0,0.75,0.3329445317234491
E000139_20151116_High_Point_Bank_Corp__BNC_Bancorp,0.8600070355694382,0.1052658217449297,0.034727142685632,bbg_naive_bayes_temporal_tuned_full_training,bbg_key_match,Completed,completed,1997,1648,258,91,0.5,25.0,0.5,1.0,0.75,0.3329445317234491
E000140_20150504_PMFG_Inc__CECO_Environmental_Corp,0.860010043182031,0.1052633047260404,0.0347266520919286,bbg_naive_bayes_temporal_tuned_full_training,bbg_key_match,Completed,completed,1997,1648,258,91,0.5,25.0,0.5,1.0,0.75,0.3329445317234491
E000141_20061106_Traffic.com_Inc__NAVTEQ_Corp,0.8570273795083627,0.1087207906101494,0.0342518298814879,bbg_naive_bayes_temporal_tuned_full_training,bbg_key_match,Completed,completed,1997,1648,258,91,0.5,25.0,0.5,1.0,0.75,0.3329445317234491
E000142_20251020_CNB_Bank_Shares_Inc__HBT_Financial_Inc,0.8619754055243938,0.1012169814921454,0.0368076129834609,bbg_naive_bayes_temporal_tuned_full_training,bbg_key_match,Completed,completed,1997,1648,258,91,0.5,25.0,0.5,1.0,0.75,0.3329445317234491
E000143_20070205_Capital_Bancorp_Inc_TN__Renasant_Corp,0.857373858176448,0.1083600560748708,0.0342660857486813,bbg_naive_bayes_temporal_tuned_full_training,bbg_key_match,Completed,completed,1997,1648,258,91,0.5,25.0,0.5,1.0,0.75,0.3329445317234491
E000144_20150224_Oneida_Financial_Corp__Community_Financial_System_Inc,0.8600517461278377,0.1052283999632452,0.034719853908917,bbg_naive_bayes_temporal_tuned_full_training,bbg_key_match,Completed,completed,1997,1648,258,91,0.5,25.0,0.5,1.0,0.75,0.3329445317234491
E000145_20070516_East_Penn_Financial_Corp__Harleysville_National_Corp,0.8573842204305021,0.1083498369135418,0.034265942655956,bbg_naive_bayes_temporal_tuned_full_training,bbg_key_match,Completed,completed,1997,1648,258,91,0.5,25.0,0.5,1.0,0.75,0.3329445317234491
E000146_20190107_HopFed_Bancorp_Inc__First_Financial_Corp,0.8611010254376087,0.1035371530502355,0.0353618215121557,bbg_naive_bayes_temporal_tuned_full_training,bbg_key_match,Completed,completed,1997,1648,258,91,0.5,25.0,0.5,1.0,0.75,0.3329445317234491
E000147_20151130_HF_Financial_Corp__Great_Western_Bancorp_Inc,0.8600644149446318,0.1052177949555082,0.03471779009986,bbg_naive_bayes_temporal_tuned_full_training,bbg_key_match,Completed,completed,1997,1648,258,91,0.5,25.0,0.5,1.0,0.75,0.3329445317234491
E000148_20081215_American_Bancorp_of_New_Jersey_Inc__Investors_Bancorp_Inc,0.8577285510509701,0.1079861007668832,0.0342853481821467,bbg_naive_bayes_temporal_tuned_full_training,bbg_key_match,Completed,completed,1997,1648,258,91,0.5,25.0,0.5,1.0,0.75,0.3329445317234491
E000149_20140604_TF_Financial_Corp__National_Penn_Bancshares_Inc,0.8597716564581854,0.1056207264783005,0.0346076170635141,bbg_naive_bayes_temporal_tuned_full_training,bbg_key_match,Completed,completed,1997,1648,258,91,0.5,25.0,0.5,1.0,0.75,0.3329445317234491
E000150_20140805_Peoples_Federal_Bancshares_Inc__Independent_Bank_Corp,0.8597776439991252,0.1056155008111013,0.0346068551897735,bbg_naive_bayes_temporal_tuned_full_training,bbg_key_match,Completed,completed,1997,1648,258,91,0.5,25.0,0.5,1.0,0.75,0.3329445317234491
E000151_20120531_Beacon_Federal_Bancorp_Inc__Beacon_Financial_Corp,0.6932946427838295,0.229303103421297,0.0774022537948736,bbg_naive_bayes_temporal_tuned_full_training,event_frame_fallback_no_bbg_key_match,Completed,completed,1997,1648,258,91,0.5,25.0,0.5,1.0,0.75,0.3329445317234491
E000152_20061016_First_Morris_Bank_NJ__Provident_Financial_Services_Inc,0.8571615416741507,0.1085878980586002,0.034250560267249,bbg_naive_bayes_temporal_tuned_full_training,bbg_key_match,Completed,completed,1997,1648,258,91,0.5,25.0,0.5,1.0,0.75,0.3329445317234491
E000153_20190816_Bancorp_of_New_Jersey_Inc__ConnectOne_Bancorp_Inc,0.8611797466781215,0.1034863088618316,0.035333944460047,bbg_naive_bayes_temporal_tuned_full_training,bbg_key_match,Completed,completed,1997,1648,258,91,0.5,25.0,0.5,1.0,0.75,0.3329445317234491
E000154_20070604_Community_Bank___Trust_Co_Wolfeboro_NH__Chittenden_Corp,0.8574833816017133,0.1082520437419485,0.0342645746563381,bbg_naive_bayes_temporal_tuned_full_training,bbg_key_match,Completed,completed,1997,1648,258,91,0.5,25.0,0.5,1.0,0.75,0.3329445317234491
E000155_20220119_Denmark_Bancshares_Inc__Bank_First_Corp,0.8617422798575205,0.102269752392613,0.0359879677498665,bbg_naive_bayes_temporal_tuned_full_training,bbg_key_match,Completed,completed,1997,1648,258,91,0.5,25.0,0.5,1.0,0.75,0.3329445317234491
E000156_20220324_Emclaire_Financial_Corp__Farmers_National_Banc_Corp,0.8617439410526513,0.1022689442311359,0.0359871147162128,bbg_naive_bayes_temporal_tuned_full_training,bbg_key_match,Completed,completed,1997,1648,258,91,0.5,25.0,0.5,1.0,0.75,0.3329445317234491
E000157_20060718_Westbank_Corp__NewAlliance_Bancshares_Inc,0.8572004978784497,0.1085493101161992,0.0342501920053511,bbg_naive_bayes_temporal_tuned_full_training,bbg_key_match,Completed,completed,1997,1648,258,91,0.5,25.0,0.5,1.0,0.75,0.3329445317234491
E000158_20151001_First_Capital_Bancorp_Inc_VA__Park_Sterling_Corp,0.8601840191408621,0.1051176583435728,0.0346983225155652,bbg_naive_bayes_temporal_tuned_full_training,bbg_key_match,Completed,completed,1997,1648,258,91,0.5,25.0,0.5,1.0,0.75,0.3329445317234491
E000159_20070119_Merrill_Merchants_Bancshares_Inc__Chittenden_Corp,0.8575364279382162,0.1081997288564054,0.0342638432053784,bbg_naive_bayes_temporal_tuned_full_training,bbg_key_match,Completed,completed,1997,1648,258,91,0.5,25.0,0.5,1.0,0.75,0.3329445317234491
E000160_20120417_SRS_Labs_Inc__DTS_Inc_CA,0.8572299403733351,0.1082878167433068,0.034482242883358,bbg_naive_bayes_temporal_tuned_full_training,bbg_key_match,Completed,completed,1997,1648,258,91,0.5,25.0,0.5,1.0,0.75,0.3329445317234491
E000161_20151124_Cheviot_Financial_Corp__MainSource_Financial_Group_Inc,0.8601974565740811,0.1051064079096453,0.0346961355162736,bbg_naive_bayes_temporal_tuned_full_training,bbg_key_match,Completed,completed,1997,1648,258,91,0.5,25.0,0.5,1.0,0.75,0.3329445317234491
E000162_20080317_Value_Financial_Services_Inc__EZCORP_Inc,0.8578732032280663,0.1078443192812513,0.0342824774906825,bbg_naive_bayes_temporal_tuned_full_training,bbg_key_match,Completed,completed,1997,1648,258,91,0.5,25.0,0.5,1.0,0.75,0.3329445317234491
E000163_20070627_Web.com_Holding_Co_Inc__Web.com_Group_Inc,0.6958515244426562,0.2605375740124834,0.0436109015448603,bbg_naive_bayes_temporal_tuned_full_training,event_frame_fallback_no_bbg_key_match,Completed,completed,1997,1648,258,91,0.5,25.0,0.5,1.0,0.75,0.3329445317234491
E000164_20161003_DCB_Financial_Corp_OH__First_Commonwealth_Financial_Corp,0.8605079652622957,0.1046765626083909,0.0348154721293133,bbg_naive_bayes_temporal_tuned_full_training,bbg_key_match,Completed,completed,1997,1648,258,91,0.5,25.0,0.5,1.0,0.75,0.3329445317234491
E000165_20170816_First_Atlantic_Financial_Holdings_Inc__National_Commerce_Corp,0.8607901531606561,0.1042538845969958,0.034955962242348,bbg_naive_bayes_temporal_tuned_full_training,bbg_key_match,Completed,completed,1997,1648,258,91,0.5,25.0,0.5,1.0,0.75,0.3329445317234491
E000166_20071011_Slade_s_Ferry_Bancorp__Independent_Bank_Corp,0.8575807701564053,0.1081559983405539,0.0342632315030408,bbg_naive_bayes_temporal_tuned_full_training,bbg_key_match,Completed,completed,1997,1648,258,91,0.5,25.0,0.5,1.0,0.75,0.3329445317234491
E000167_20101025_Wilber_Corp__Community_Financial_System_Inc,0.8517931754626467,0.1136508310583181,0.0345559934790352,bbg_naive_bayes_temporal_tuned_full_training,bbg_key_match,Completed,completed,1997,1648,258,91,0.5,25.0,0.5,1.0,0.75,0.3329445317234491
E000169_20220823_Town_and_Country_Financial_Corp__HBT_Financial_Inc,0.8618442222226679,0.1022201676883358,0.0359356100889963,bbg_naive_bayes_temporal_tuned_full_training,bbg_key_match,Completed,completed,1997,1648,258,91,0.5,25.0,0.5,1.0,0.75,0.3329445317234491
E000170_20080910_American_Community_Bancshares_Inc__Yadkin_Financial_Corp,0.8508157131323317,0.114789032546284,0.0343952543213843,bbg_naive_bayes_temporal_tuned_full_training,bbg_key_match,Completed,completed,1997,1648,258,91,0.5,25.0,0.5,1.0,0.75,0.3329445317234491
E000171_20160622_Carolina_Bank_Holdings_Inc__First_Bancorp_Southern_Pines_NC,0.8605376008375231,0.1046529765631869,0.03480942259929,bbg_naive_bayes_temporal_tuned_full_training,bbg_key_match,Completed,completed,1997,1648,258,91,0.5,25.0,0.5,1.0,0.75,0.3329445317234491
E000172_20130715_Saehan_Bancorp__Wilshire_Bancorp_Inc,0.8596032062084563,0.1058928982294411,0.0345038955621026,bbg_naive_bayes_temporal_tuned_full_training,bbg_key_match,Completed,completed,1997,1648,258,91,0.5,25.0,0.5,1.0,0.75,0.3329445317234491
E000173_20190715_Carolina_Trust_Bancshares_Inc__Carolina_Financial_Corp,0.8613102525913996,0.1034020137714403,0.03528773363716,bbg_naive_bayes_temporal_tuned_full_training,bbg_key_match,Completed,completed,1997,1648,258,91,0.5,25.0,0.5,1.0,0.75,0.3329445317234491
E000174_20141113_Foster_Wheeler_AG__Amec_Foster_Wheeler_Ltd,0.8239685663876348,0.133639822486671,0.0423916111256941,bbg_naive_bayes_temporal_tuned_full_training,bbg_key_match,Completed,completed,1997,1648,258,91,0.5,25.0,0.5,1.0,0.75,0.3329445317234491
E000175_20210623_Cortland_Bancorp__Farmers_National_Banc_Corp,0.8617039212044577,0.1025975152423651,0.0356985635531772,bbg_naive_bayes_temporal_tuned_full_training,bbg_key_match,Completed,completed,1997,1648,258,91,0.5,25.0,0.5,1.0,0.75,0.3329445317234491
E000176_20160310_LaPorte_Bancorp_Inc__Horizon_Bancorp_Inc_IN,0.860555095718575,0.1046390549596907,0.0348058493217343,bbg_naive_bayes_temporal_tuned_full_training,bbg_key_match,Completed,completed,1997,1648,258,91,0.5,25.0,0.5,1.0,0.75,0.3329445317234491
E000177_20191025_Empire_Bancorp_Inc__Flushing_Financial_Corp,0.8613196912333593,0.1033959204993829,0.0352843882672578,bbg_naive_bayes_temporal_tuned_full_training,bbg_key_match,Completed,completed,1997,1648,258,91,0.5,25.0,0.5,1.0,0.75,0.3329445317234491
E000178_20131010_Camco_Financial_Corp__Huntington_Bancshares_Inc_OH,0.8596285009142627,0.1058700723085448,0.0345014267771926,bbg_naive_bayes_temporal_tuned_full_training,bbg_key_match,Completed,completed,1997,1648,258,91,0.5,25.0,0.5,1.0,0.75,0.3329445317234491
E000179_20250924_1st_Colonial_Bancorp_Inc__Mid_Penn_Bancorp_Inc,0.8623003095207189,0.1011022362952207,0.0365974541840603,bbg_naive_bayes_temporal_tuned_full_training,bbg_key_match,Completed,completed,1997,1648,258,91,0.5,25.0,0.5,1.0,0.75,0.3329445317234491
E000180_20191218_MSB_Financial_Corp_MD__Kearny_Financial_Corp_MD,0.8577113097272392,0.1065298298859106,0.0357588603868502,bbg_naive_bayes_temporal_tuned_full_training,bbg_key_match,Completed,completed,1997,1648,258,91,0.5,25.0,0.5,1.0,0.75,0.3329445317234491
E000181_20221221_Brunswick_Bancorp__Mid_Penn_Bancorp_Inc,0.8619043726079527,0.1021909386680023,0.0359046887240449,bbg_naive_bayes_temporal_tuned_full_training,bbg_key_match,Completed,completed,1997,1648,258,91,0.5,25.0,0.5,1.0,0.75,0.3329445317234491
E000182_20150303_Alliance_Bancorp_Inc_of_Pennsylvania__WSFS_Financial_Corp,0.8602949851852624,0.1050247714680464,0.0346802433466912,bbg_naive_bayes_temporal_tuned_full_training,bbg_key_match,Completed,completed,1997,1648,258,91,0.5,25.0,0.5,1.0,0.75,0.3329445317234491
E000183_20250723_TC_Bancshares_Inc__Colony_Bankcorp_Inc,0.8623267821934313,0.1010929014686404,0.0365803163379282,bbg_naive_bayes_temporal_tuned_full_training,bbg_key_match,Completed,completed,1997,1648,258,91,0.5,25.0,0.5,1.0,0.75,0.3329445317234491
E000184_20160426_First_Clover_Leaf_Financial_Corp__First_Mid_Bancshares_Inc,0.8605953845897059,0.1046070031733758,0.0347976122369183,bbg_naive_bayes_temporal_tuned_full_training,bbg_key_match,Completed,completed,1997,1648,258,91,0.5,25.0,0.5,1.0,0.75,0.3329445317234491
E000185_20080903_Lincoln_Bancorp_IN__First_Merchants_Corp,0.8580224059714989,0.1076980846685003,0.0342795093600007,bbg_naive_bayes_temporal_tuned_full_training,bbg_key_match,Completed,completed,1997,1648,258,91,0.5,25.0,0.5,1.0,0.75,0.3329445317234491
E000186_20080215_Iron___Glass_Bancorp_Inc__FNB_Corp_PA,0.8580283700518765,0.1076922396947944,0.0342793902533291,bbg_naive_bayes_temporal_tuned_full_training,bbg_key_match,Completed,completed,1997,1648,258,91,0.5,25.0,0.5,1.0,0.75,0.3329445317234491
E000187_20080409_EP_Medsystems_Inc__St_Jude_Medical_Inc,0.8580390754332996,0.1076817482389879,0.0342791763277124,bbg_naive_bayes_temporal_tuned_full_training,bbg_key_match,Completed,completed,1997,1648,258,91,0.5,25.0,0.5,1.0,0.75,0.3329445317234491
E000188_20120514_Citizens_South_Banking_Corp__Park_Sterling_Corp,0.8593848398708286,0.1061877785022732,0.0344273816268983,bbg_naive_bayes_temporal_tuned_full_training,bbg_key_match,Completed,completed,1997,1648,258,91,0.5,25.0,0.5,1.0,0.75,0.3329445317234491
E000190_20161104_First_Menasha_Bancshares_Inc__Nicolet_Bankshares_Inc,0.8606753853100524,0.1045434114300083,0.0347812032599393,bbg_naive_bayes_temporal_tuned_full_training,bbg_key_match,Completed,completed,1997,1648,258,91,0.5,25.0,0.5,1.0,0.75,0.3329445317234491
E000191_20101012_Rome_Bancorp_Inc__Beacon_Financial_Corp,0.6958064981475733,0.245000502292349,0.0591929995600777,bbg_naive_bayes_temporal_tuned_full_training,event_frame_fallback_no_bbg_key_match,Completed,completed,1997,1648,258,91,0.5,25.0,0.5,1.0,0.75,0.3329445317234491
E000192_20060829_Old_Florida_Bankshares_Inc__Bank_of_Florida_Corp,0.8574681752086497,0.1082841729406162,0.034247651850734,bbg_naive_bayes_temporal_tuned_full_training,bbg_key_match,Completed,completed,1997,1648,258,91,0.5,25.0,0.5,1.0,0.75,0.3329445317234491
E000193_20070814_Union_Bankshares_Co_ME__Camden_National_Corp,0.8577781013573738,0.1079614029076291,0.034260495734997,bbg_naive_bayes_temporal_tuned_full_training,bbg_key_match,Completed,completed,1997,1648,258,91,0.5,25.0,0.5,1.0,0.75,0.3329445317234491
E000194_20150127_National_Bancshares_Corp_OH__Farmers_National_Banc_Corp,0.8604121821471703,0.1049267793633846,0.0346610384894451,bbg_naive_bayes_temporal_tuned_full_training,bbg_key_match,Completed,completed,1997,1648,258,91,0.5,25.0,0.5,1.0,0.75,0.3329445317234491
E000195_20210422_SouthCrest_Financial_Group_Inc__Colony_Bankcorp_Inc,0.8618923187634132,0.1024965011443321,0.0356111800922546,bbg_naive_bayes_temporal_tuned_full_training,bbg_key_match,Completed,completed,1997,1648,258,91,0.5,25.0,0.5,1.0,0.75,0.3329445317234491
E000196_20221019_HV_Bancorp_Inc__Citizens_Financial_Services_Inc,0.8620949711667338,0.1020987315976223,0.0358062972356438,bbg_naive_bayes_temporal_tuned_full_training,bbg_key_match,Completed,completed,1997,1648,258,91,0.5,25.0,0.5,1.0,0.75,0.3329445317234491
E000197_20061011_Potomac_Bank_of_Virginia_Fairfax_VA__Sandy_Spring_Bancorp_Inc,0.8575404250027635,0.1082126173583144,0.0342469576389221,bbg_naive_bayes_temporal_tuned_full_training,bbg_key_match,Completed,completed,1997,1648,258,91,0.5,25.0,0.5,1.0,0.75,0.3329445317234491
E000198_20070608_Futura_Banc_Corp__Civista_Bancshares_Inc,0.8578446319658851,0.1078958053122408,0.034259562721874,bbg_naive_bayes_temporal_tuned_full_training,bbg_key_match,Completed,completed,1997,1648,258,91,0.5,25.0,0.5,1.0,0.75,0.3329445317234491
E000199_20130129_Somerset_Hills_Bancorp__Lakeland_Bancorp_Inc,0.8598252879836321,0.1056926358037454,0.0344820762126225,bbg_naive_bayes_temporal_tuned_full_training,bbg_key_match,Completed,completed,1997,1648,258,91,0.5,25.0,0.5,1.0,0.75,0.3329445317234491
E000200_20130305_Newport_Bancorp_Inc__SI_Financial_Group_Inc,0.8598274141306985,0.1056907210720005,0.0344818647973009,bbg_naive_bayes_temporal_tuned_full_training,bbg_key_match,Completed,completed,1997,1648,258,91,0.5,25.0,0.5,1.0,0.75,0.3329445317234491
E000201_20100517_South_Financial_Group_Inc_The__Toronto-Dominion_Bank_The,0.858191598999414,0.1075640716588601,0.0342443293417258,bbg_naive_bayes_temporal_tuned_full_training,bbg_key_match,Completed,completed,1997,1648,258,91,0.5,25.0,0.5,1.0,0.75,0.3329445317234491
E000203_20160823_Commercial_Bancshares_Inc_OH__Premier_Financial_Corp,0.8607766743552171,0.1044630736655936,0.0347602519791893,bbg_naive_bayes_temporal_tuned_full_training,bbg_key_match,Completed,completed,1997,1648,258,91,0.5,25.0,0.5,1.0,0.75,0.3329445317234491
E000206_20170329_Scottdale_Bank___Trust_Co_The__Mid_Penn_Bancorp_Inc,0.861068632545863,0.1040456757555011,0.0348856916986359,bbg_naive_bayes_temporal_tuned_full_training,bbg_key_match,Completed,completed,1997,1648,258,91,0.5,25.0,0.5,1.0,0.75,0.3329445317234491
E000207_20081205_Old_Forge_Bank__Penseco_Financial_Services_Corp,0.8582074978296746,0.1075167251045589,0.0342757770657665,bbg_naive_bayes_temporal_tuned_full_training,bbg_key_match,Completed,completed,1997,1648,258,91,0.5,25.0,0.5,1.0,0.75,0.3329445317234491
E000208_20080109_Shore_Financial_Corp__Xenith_Bankshares_Inc,0.8582115293116975,0.1075127760866544,0.034275694601648,bbg_naive_bayes_temporal_tuned_full_training,bbg_key_match,Completed,completed,1997,1648,258,91,0.5,25.0,0.5,1.0,0.75,0.3329445317234491
E000209_20070625_Christiana_Bank___Trust_Co_DE__National_Penn_Bancshares_Inc,0.8579011330015769,0.1078401041925904,0.0342587628058327,bbg_naive_bayes_temporal_tuned_full_training,bbg_key_match,Completed,completed,1997,1648,258,91,0.5,25.0,0.5,1.0,0.75,0.3329445317234491
E000210_20151005_Community_Bank_of_South_Florida_Inc__CenterState_Bank_Corp,0.8605164127312526,0.1048398448669521,0.0346437424017953,bbg_naive_bayes_temporal_tuned_full_training,bbg_key_match,Completed,completed,1997,1648,258,91,0.5,25.0,0.5,1.0,0.75,0.3329445317234491
E000211_20140910_Colonial_Financial_Services_Inc__Cape_Bancorp_Inc,0.8602051470433473,0.1052427684852638,0.0345520844713888,bbg_naive_bayes_temporal_tuned_full_training,bbg_key_match,Completed,completed,1997,1648,258,91,0.5,25.0,0.5,1.0,0.75,0.3329445317234491
E000212_20070827_Carolina_National_Corp__First_National_Bancshares_Inc_SC,0.857911420749235,0.1078299630363299,0.034258616214435,bbg_naive_bayes_temporal_tuned_full_training,bbg_key_match,Completed,completed,1997,1648,258,91,0.5,25.0,0.5,1.0,0.75,0.3329445317234491
E000214_20140414_FedFirst_Financial_Corp__CB_Financial_Services_Inc,0.8602116952991471,0.1052370788367064,0.0345512258641465,bbg_naive_bayes_temporal_tuned_full_training,bbg_key_match,Completed,completed,1997,1648,258,91,0.5,25.0,0.5,1.0,0.75,0.3329445317234491
E000216_20120501_Central_Bancorp_Inc_MA__Independent_Bank_Corp,0.8595643997053777,0.1060216283042541,0.0344139719903681,bbg_naive_bayes_temporal_tuned_full_training,bbg_key_match,Completed,completed,1997,1648,258,91,0.5,25.0,0.5,1.0,0.75,0.3329445317234491
E000217_20080108_MFB_Corp__MutualFirst_Financial_Inc,0.8582407250879132,0.1074841796755287,0.0342750952365582,bbg_naive_bayes_temporal_tuned_full_training,bbg_key_match,Completed,completed,1997,1648,258,91,0.5,25.0,0.5,1.0,0.75,0.3329445317234491
E000219_20151001_Jacksonville_Bancorp_Inc_FL__Ameris_Bancorp,0.8605395486559346,0.1048205927450122,0.034639858599053,bbg_naive_bayes_temporal_tuned_full_training,bbg_key_match,Completed,completed,1997,1648,258,91,0.5,25.0,0.5,1.0,0.75,0.3329445317234491
E000220_20131002_Investors_Capital_Holdings_Ltd__Aretec_Group_Inc,0.8599153023011893,0.1056116490915189,0.0344730486072918,bbg_naive_bayes_temporal_tuned_full_training,bbg_key_match,Completed,completed,1997,1648,258,91,0.5,25.0,0.5,1.0,0.75,0.3329445317234491
E000221_20250708_PB_Bankshares_Inc__Norwood_Financial_Corp,0.8626565173205768,0.1009778255756151,0.036365657103808,bbg_naive_bayes_temporal_tuned_full_training,bbg_key_match,Completed,completed,1997,1648,258,91,0.5,25.0,0.5,1.0,0.75,0.3329445317234491
E000222_20210729_Royal_Financial_Inc__Finward_Bancorp,0.8620353445033753,0.102420585837073,0.0355440696595517,bbg_naive_bayes_temporal_tuned_full_training,bbg_key_match,Completed,completed,1997,1648,258,91,0.5,25.0,0.5,1.0,0.75,0.3329445317234491
E000224_20171116_First_West_Virginia_Bancorp_Inc__CB_Financial_Services_Inc,0.8611417624529302,0.1039913868293669,0.0348668507177029,bbg_naive_bayes_temporal_tuned_full_training,bbg_key_match,Completed,completed,1997,1648,258,91,0.5,25.0,0.5,1.0,0.75,0.3329445317234491
E000225_20120910_WSB_Holdings_Inc__Old_Line_Bancshares_Inc,0.8596062045852471,0.1059830136310691,0.0344107817836839,bbg_naive_bayes_temporal_tuned_full_training,bbg_key_match,Completed,completed,1997,1648,258,91,0.5,25.0,0.5,1.0,0.75,0.3329445317234491
E000226_20150826_Hopewell_Valley_Community_Bank__Northfield_Bancorp_Inc,0.860573262803285,0.1047925776467514,0.0346341595499635,bbg_naive_bayes_temporal_tuned_full_training,bbg_key_match,Completed,completed,1997,1648,258,91,0.5,25.0,0.5,1.0,0.75,0.3329445317234491
E000227_20190624_Shore_Community_Bank__1st_Constitution_Bancorp,0.861652756083855,0.1031822904244908,0.0351649534916541,bbg_naive_bayes_temporal_tuned_full_training,bbg_key_match,Completed,completed,1997,1648,258,91,0.5,25.0,0.5,1.0,0.75,0.3329445317234491
E000228_20121018_Luzerne_National_Bank_Corp__Penns_Woods_Bancorp_Inc,0.8596244912676952,0.1059661349504155,0.0344093737818892,bbg_naive_bayes_temporal_tuned_full_training,bbg_key_match,Completed,completed,1997,1648,258,91,0.5,25.0,0.5,1.0,0.75,0.3329445317234491
E000229_20230518_Cincinnati_Bancorp_Inc__LCNB_Corp,0.8624215534762191,0.1016543972245547,0.0359240492992262,bbg_naive_bayes_temporal_tuned_full_training,bbg_key_match,Completed,completed,1997,1648,258,91,0.5,25.0,0.5,1.0,0.75,0.3329445317234491
E000230_20160426_Foundation_Bancorp_Inc_WA__Pacific_Continental_Corp,0.8608940512424135,0.1043704367904677,0.0347355119671188,bbg_naive_bayes_temporal_tuned_full_training,bbg_key_match,Completed,completed,1997,1648,258,91,0.5,25.0,0.5,1.0,0.75,0.3329445317234491
E000231_20160601_First_Century_Bankshares_Inc__Summit_Financial_Group_Inc,0.8608955718735491,0.1043692415764513,0.0347351865499996,bbg_naive_bayes_temporal_tuned_full_training,bbg_key_match,Completed,completed,1997,1648,258,91,0.5,25.0,0.5,1.0,0.75,0.3329445317234491
E000232_20161108_Greer_Bancshares_Inc__Carolina_Financial_Corp,0.8608985412858339,0.1043669080776609,0.0347345506365052,bbg_naive_bayes_temporal_tuned_full_training,bbg_key_match,Completed,completed,1997,1648,258,91,0.5,25.0,0.5,1.0,0.75,0.3329445317234491
E000233_20061214_CN_Bancorp_Inc__Sandy_Spring_Bancorp_Inc,0.8577240914304429,0.108030758884602,0.0342451496849551,bbg_naive_bayes_temporal_tuned_full_training,bbg_key_match,Completed,completed,1997,1648,258,91,0.5,25.0,0.5,1.0,0.75,0.3329445317234491
E000234_20070830_TSB_Financial_Corp__SOUTHSTATE_BANK_CORP,0.8580311713648303,0.1077119488323468,0.0342568798028229,bbg_naive_bayes_temporal_tuned_full_training,bbg_key_match,Completed,completed,1997,1648,258,91,0.5,25.0,0.5,1.0,0.75,0.3329445317234491
E000235_20111116_Hampshire_First_Bank__NBT_Bancorp_Inc,0.8593275667327246,0.1063127845606498,0.0343596487066256,bbg_naive_bayes_temporal_tuned_full_training,bbg_key_match,Completed,completed,1997,1648,258,91,0.5,25.0,0.5,1.0,0.75,0.3329445317234491
E000236_20141119_Capital_Pacific_Bancorp__Pacific_Continental_Corp,0.8603215837052797,0.1051418358329629,0.0345365804617574,bbg_naive_bayes_temporal_tuned_full_training,bbg_key_match,Completed,completed,1997,1648,258,91,0.5,25.0,0.5,1.0,0.75,0.3329445317234491
E000237_20070614_Cardinal_State_Bank_Durham_NC__Yadkin_Financial_Corp,0.8580523682031287,0.1076910669725425,0.0342565648243288,bbg_naive_bayes_temporal_tuned_full_training,bbg_key_match,Completed,completed,1997,1648,258,91,0.5,25.0,0.5,1.0,0.75,0.3329445317234491
E000238_20070201_ICNB_Financial_Corp__Firstbank_Corp,0.8580579774866124,0.1076855415410781,0.0342564809723094,bbg_naive_bayes_temporal_tuned_full_training,bbg_key_match,Completed,completed,1997,1648,258,91,0.5,25.0,0.5,1.0,0.75,0.3329445317234491
E000239_20160602_Polonia_Bancorp_Inc__Prudential_Bancorp_Inc,0.8609567816249913,0.1043212793183772,0.0347219390566315,bbg_naive_bayes_temporal_tuned_full_training,bbg_key_match,Completed,completed,1997,1648,258,91,0.5,25.0,0.5,1.0,0.75,0.3329445317234491
E000240_20130514_Mayflower_Bancorp_Inc__Independent_Bank_Corp,0.8600413005062908,0.1054987044284357,0.0344599950652734,bbg_naive_bayes_temporal_tuned_full_training,bbg_key_match,Completed,completed,1997,1648,258,91,0.5,25.0,0.5,1.0,0.75,0.3329445317234491
E000241_20120604_First_Trust_Bank__BNC_Bancorp,0.8597127524744513,0.1058848155348358,0.0344024319907129,bbg_naive_bayes_temporal_tuned_full_training,bbg_key_match,Completed,completed,1997,1648,258,91,0.5,25.0,0.5,1.0,0.75,0.3329445317234491
E000242_20160908_Ohio_Legacy_Corp__United_Community_Financial_Corp_OH,0.8609767184910555,0.1043057320791893,0.0347175494297552,bbg_naive_bayes_temporal_tuned_full_training,bbg_key_match,Completed,completed,1997,1648,258,91,0.5,25.0,0.5,1.0,0.75,0.3329445317234491
E000244_20191219_FSB_Bancorp_Inc_NY__Evans_Bancorp_Inc,0.8617669517854107,0.1031106041489402,0.035122444065649,bbg_naive_bayes_temporal_tuned_full_training,bbg_key_match,Completed,completed,1997,1648,258,91,0.5,25.0,0.5,1.0,0.75,0.3329445317234491
E000245_20171024_ASB_Financial_Corp__Peoples_Bancorp_Inc_OH,0.8612724150386002,0.1038953823590354,0.0348322026023644,bbg_naive_bayes_temporal_tuned_full_training,bbg_key_match,Completed,completed,1997,1648,258,91,0.5,25.0,0.5,1.0,0.75,0.3329445317234491
E000246_20161122_New_Windsor_Bancorp_Inc__ACNB_Corp,0.8609964275306591,0.1042904074388114,0.0347131650305295,bbg_naive_bayes_temporal_tuned_full_training,bbg_key_match,Completed,completed,1997,1648,258,91,0.5,25.0,0.5,1.0,0.75,0.3329445317234491
E000247_20110331_Community_Capital_Corp__Park_Sterling_Corp,0.8594075922670241,0.1062374915278605,0.0343549162051153,bbg_naive_bayes_temporal_tuned_full_training,bbg_key_match,Completed,completed,1997,1648,258,91,0.5,25.0,0.5,1.0,0.75,0.3329445317234491
E000248_20130701_NorCal_Community_Bancorp__Bank_of_Marin_Bancorp,0.8600727106408704,0.1054706738589901,0.0344566155001395,bbg_naive_bayes_temporal_tuned_full_training,bbg_key_match,Completed,completed,1997,1648,258,91,0.5,25.0,0.5,1.0,0.75,0.3329445317234491
E000249_20240307_Superior_Drilling_Products_Inc__Drilling_Tools_International_Corp,0.8596727228737517,0.1034569398971306,0.0368703372291177,bbg_naive_bayes_temporal_tuned_full_training,bbg_key_match,Completed,completed,1997,1648,258,91,0.5,25.0,0.5,1.0,0.75,0.3329445317234491
E000250_20150529_Premier_Valley_Bank__Heartland_Financial_USA_Inc,0.8607203519068118,0.1046712111118327,0.0346084369813555,bbg_naive_bayes_temporal_tuned_full_training,bbg_key_match,Completed,completed,1997,1648,258,91,0.5,25.0,0.5,1.0,0.75,0.3329445317234491
E000251_20231129_Eagle_Financial_Bancorp_Inc__LCNB_Corp,0.8625821025186622,0.1015878530258971,0.0358300444554406,bbg_naive_bayes_temporal_tuned_full_training,bbg_key_match,Completed,completed,1997,1648,258,91,0.5,25.0,0.5,1.0,0.75,0.3329445317234491
E000252_20061221_Citizens_Bancorp_Inc_PA__Citizens___Northern_Corp,0.8578655154364455,0.1078908159482535,0.0342436686153009,bbg_naive_bayes_temporal_tuned_full_training,bbg_key_match,Completed,completed,1997,1648,258,91,0.5,25.0,0.5,1.0,0.75,0.3329445317234491
E000254_20170412_Cornerstone_Bancorp_SC__First_Community_Corp_SC,0.8613352870450106,0.1038499734061808,0.0348147395488086,bbg_naive_bayes_temporal_tuned_full_training,bbg_key_match,Completed,completed,1997,1648,258,91,0.5,25.0,0.5,1.0,0.75,0.3329445317234491
E000255_20131218_South_Street_Financial_Corp__BNC_Bancorp,0.8601333890581576,0.1054167590377551,0.0344498519040873,bbg_naive_bayes_temporal_tuned_full_training,bbg_key_match,Completed,completed,1997,1648,258,91,0.5,25.0,0.5,1.0,0.75,0.3329445317234491
E000257_20101215_North_Penn_Bancorp_Inc__Norwood_Financial_Corp,0.8591549627710234,0.106529285452638,0.0343157517763385,bbg_naive_bayes_temporal_tuned_full_training,bbg_key_match,Completed,completed,1997,1648,258,91,0.5,25.0,0.5,1.0,0.75,0.3329445317234491
E000258_20111220_Commercefirst_Bancorp_Inc__Sandy_Spring_Bancorp_Inc,0.8594876908364495,0.1061624149717711,0.0343498941917794,bbg_naive_bayes_temporal_tuned_full_training,bbg_key_match,Completed,completed,1997,1648,258,91,0.5,25.0,0.5,1.0,0.75,0.3329445317234491
E000259_20120503_Alliance_Bankshares_Corp__WashingtonFirst_Bankshares_Inc,0.859826574540423,0.1057805568529266,0.0343928686066505,bbg_naive_bayes_temporal_tuned_full_training,bbg_key_match,Completed,completed,1997,1648,258,91,0.5,25.0,0.5,1.0,0.75,0.3329445317234491
E000260_20130306_San_Diego_Trust_Bank__Pacific_Premier_Bancorp_Inc,0.8601597951900896,0.1053934313391727,0.0344467734707378,bbg_naive_bayes_temporal_tuned_full_training,bbg_key_match,Completed,completed,1997,1648,258,91,0.5,25.0,0.5,1.0,0.75,0.3329445317234491
E000261_20200106_Community_Shores_Bank_Corp__ChoiceOne_Financial_Services_Inc,0.862118528549587,0.1026502401962742,0.0352312312541387,bbg_naive_bayes_temporal_tuned_full_training,bbg_key_match,Completed,completed,1997,1648,258,91,0.5,25.0,0.5,1.0,0.75,0.3329445317234491
E000262_20110914_Mainline_Bancorp_Inc__S_T_Bancorp_Inc,0.8595225142241101,0.1061299266441583,0.0343475591317315,bbg_naive_bayes_temporal_tuned_full_training,bbg_key_match,Completed,completed,1997,1648,258,91,0.5,25.0,0.5,1.0,0.75,0.3329445317234491
E000263_20061215_First_Brandon_Financial_Corp__Lake_Sunapee_Bank_Group,0.8579530711472493,0.1078042686393195,0.0342426602134312,bbg_naive_bayes_temporal_tuned_full_training,bbg_key_match,Completed,completed,1997,1648,258,91,0.5,25.0,0.5,1.0,0.75,0.3329445317234491
E000264_20060906_BUCS_Financial_Corp__Community_Banks_Inc_PA,0.8579534117117691,0.1078039322423358,0.0342426560458952,bbg_naive_bayes_temporal_tuned_full_training,bbg_key_match,Completed,completed,1997,1648,258,91,0.5,25.0,0.5,1.0,0.75,0.3329445317234491
E000265_20101018_Fort_Orange_Financial_Corp__Chemung_Financial_Corp,0.8591964990091925,0.106489783520354,0.0343137174704535,bbg_naive_bayes_temporal_tuned_full_training,bbg_key_match,Completed,completed,1997,1648,258,91,0.5,25.0,0.5,1.0,0.75,0.3329445317234491
E000266_20130815_Rumson-Fair_Haven_Bank___Trust_Co__1st_Constitution_Bancorp,0.6910679395085368,0.219897074482977,0.0890349860084861,bbg_naive_bayes_temporal_tuned_full_training,event_frame_fallback_no_bbg_key_match,Completed,completed,1997,1648,258,91,0.5,25.0,0.5,1.0,0.75,0.3329445317234491
E000268_20130313_Miscor_Group_Ltd__IES_Holdings_Inc,0.8560952507711951,0.1093604121868115,0.0345443370419934,bbg_naive_bayes_temporal_tuned_full_training,bbg_key_match,Completed,completed,1997,1648,258,91,0.5,25.0,0.5,1.0,0.75,0.3329445317234491
E000269_20100902_Maryland_Bankcorp_Inc__Old_Line_Bancshares_Inc,0.8592070258977402,0.1064797955992379,0.0343131785030218,bbg_naive_bayes_temporal_tuned_full_training,bbg_key_match,Completed,completed,1997,1648,258,91,0.5,25.0,0.5,1.0,0.75,0.3329445317234491
E000270_20080310_River_City_Bank_Mechanicsville_VA__Village_Bank_and_Trust_Financial_Corp,0.8585668312188763,0.1071653769026443,0.0342677918784794,bbg_naive_bayes_temporal_tuned_full_training,bbg_key_match,Completed,completed,1997,1648,258,91,0.5,25.0,0.5,1.0,0.75,0.3329445317234491
E000271_20121009_First_Capital_Bancshares_Inc_OH__LCNB_Corp,0.8598714939590261,0.1057397843042461,0.0343887217367278,bbg_naive_bayes_temporal_tuned_full_training,bbg_key_match,Completed,completed,1997,1648,258,91,0.5,25.0,0.5,1.0,0.75,0.3329445317234491
E000272_20080919_American_Home_Bank_National_Association__First_Chester_County_Corp,0.8585844725303594,0.1071482104509819,0.0342673170186587,bbg_naive_bayes_temporal_tuned_full_training,bbg_key_match,Completed,completed,1997,1648,258,91,0.5,25.0,0.5,1.0,0.75,0.3329445317234491
E000274_20211109_Guaranty_Federal_Bancshares_Inc__QCR_Holdings_Inc,0.8623912408081342,0.10224281998646,0.0353659392054057,bbg_naive_bayes_temporal_tuned_full_training,bbg_key_match,Completed,completed,1997,1648,258,91,0.5,25.0,0.5,1.0,0.75,0.3329445317234491
E000275_20100825_California_Oaks_State_Bank__CU_Bancorp_Los_Angeles_CA,0.8592411170663599,0.1064475442241308,0.0343113387095092,bbg_naive_bayes_temporal_tuned_full_training,bbg_key_match,Completed,completed,1997,1648,258,91,0.5,25.0,0.5,1.0,0.75,0.3329445317234491
E000276_20210218_Bank_of_Fincastle_The__First_National_Corp_VA,0.8623993278637506,0.1022392750215548,0.0353613971146946,bbg_naive_bayes_temporal_tuned_full_training,bbg_key_match,Completed,completed,1997,1648,258,91,0.5,25.0,0.5,1.0,0.75,0.3329445317234491
E000277_20160310_Delaware_Bancshares_Inc__Norwood_Financial_Corp,0.8611739684407375,0.104156325686843,0.0346697058724196,bbg_naive_bayes_temporal_tuned_full_training,bbg_key_match,Completed,completed,1997,1648,258,91,0.5,25.0,0.5,1.0,0.75,0.3329445317234491
E000278_20090421_Endocare_Inc__HealthTronics_Inc,0.8589329757199434,0.1067816458139857,0.0342853784660709,bbg_naive_bayes_temporal_tuned_full_training,bbg_key_match,Completed,completed,1997,1648,258,91,0.5,25.0,0.5,1.0,0.75,0.3329445317234491
E000282_20121228_Roebling_Financial_Corp_Inc__TF_Financial_Corp,0.8599234579553382,0.1056932039189343,0.0343833381257276,bbg_naive_bayes_temporal_tuned_full_training,bbg_key_match,Completed,completed,1997,1648,258,91,0.5,25.0,0.5,1.0,0.75,0.3329445317234491
E000283_20140827_Phoenix_Bancorp_Inc__Mid_Penn_Bancorp_Inc,0.8605724299817522,0.1049291512621493,0.0344984187560985,bbg_naive_bayes_temporal_tuned_full_training,bbg_key_match,Completed,completed,1997,1648,258,91,0.5,25.0,0.5,1.0,0.75,0.3329445317234491
E000284_20150626_FNBPA_Bancorp_Inc__Juniata_Valley_Financial_Corp,0.8608977184262467,0.1045302177847651,0.0345720637889882,bbg_naive_bayes_temporal_tuned_full_training,bbg_key_match,Completed,completed,1997,1648,258,91,0.5,25.0,0.5,1.0,0.75,0.3329445317234491
E000285_20071211_Longleaf_Community_Bank__Four_Oaks_Fincorp_Inc,0.8583356973936141,0.1074126529718956,0.0342516496344902,bbg_naive_bayes_temporal_tuned_full_training,bbg_key_match,Completed,completed,1997,1648,258,91,0.5,25.0,0.5,1.0,0.75,0.3329445317234491
E000286_20140121_Midwest_Bancshares_Inc_OH__Peoples_Bancorp_Inc_OH,0.8605913686374222,0.1049140121450953,0.0344946192174825,bbg_naive_bayes_temporal_tuned_full_training,bbg_key_match,Completed,completed,1997,1648,258,91,0.5,25.0,0.5,1.0,0.75,0.3329445317234491
E000287_20150804_Pascack_Bancorp_Inc__Lakeland_Bancorp_Inc,0.8609047365614652,0.1045250251648675,0.0345702382736674,bbg_naive_bayes_temporal_tuned_full_training,bbg_key_match,Completed,completed,1997,1648,258,91,0.5,25.0,0.5,1.0,0.75,0.3329445317234491
E000288_20111103_CKF_Bancorp_Inc__Kentucky_First_Federal_Bancorp,0.8596202101835304,0.1060400433494276,0.0343397464670419,bbg_naive_bayes_temporal_tuned_full_training,bbg_key_match,Completed,completed,1997,1648,258,91,0.5,25.0,0.5,1.0,0.75,0.3329445317234491
E000289_20150303_Patapsco_Bancorp_Inc__Howard_Bancorp_Inc,0.8609278338413665,0.1045086434357142,0.0345635227229192,bbg_naive_bayes_temporal_tuned_full_training,bbg_key_match,Completed,completed,1997,1648,258,91,0.5,25.0,0.5,1.0,0.75,0.3329445317234491
E000290_20140529_Virginia_Co_Bank__Eastern_Virginia_Bankshares_Inc,0.6881933951333997,0.2096962894991568,0.1021103153674434,bbg_naive_bayes_temporal_tuned_full_training,event_frame_fallback_no_bbg_key_match,Completed,completed,1997,1648,258,91,0.5,25.0,0.5,1.0,0.75,0.3329445317234491
E000291_20070814_Sycamore_National_Bank_Cincinnati_Ohio__LCNB_Corp,0.8583685042653308,0.1073807970943712,0.034250698640298,bbg_naive_bayes_temporal_tuned_full_training,bbg_key_match,Completed,completed,1997,1648,258,91,0.5,25.0,0.5,1.0,0.75,0.3329445317234491
E000292_20141030_Citizens_National_Bank_of_Meyersdale_The__Riverview_Financial_Corp,0.8606305542881831,0.1048852288218934,0.0344842168899234,bbg_naive_bayes_temporal_tuned_full_training,bbg_key_match,Completed,completed,1997,1648,258,91,0.5,25.0,0.5,1.0,0.75,0.3329445317234491
E000293_20090115_Apple_Valley_Bank___Trust_Co_The__New_England_Bancshares_Inc,0.8590005510294566,0.1067182353234588,0.0342812136470847,bbg_naive_bayes_temporal_tuned_full_training,bbg_key_match,Completed,completed,1997,1648,258,91,0.5,25.0,0.5,1.0,0.75,0.3329445317234491
E000294_20090630_Community_National_Corp_OH__NB_T_Financial_Group_Inc,0.8590006659238427,0.1067181390027619,0.0342811950733954,bbg_naive_bayes_temporal_tuned_full_training,bbg_key_match,Completed,completed,1997,1648,258,91,0.5,25.0,0.5,1.0,0.75,0.3329445317234491
E000295_20170721_Liberty_Bell_Bank__Partners_Bancorp,0.856040991170292,0.1082995004642543,0.0356595083654536,bbg_naive_bayes_temporal_tuned_full_training,bbg_key_match,Completed,completed,1997,1648,258,91,0.5,25.0,0.5,1.0,0.75,0.3329445317234491
E000296_20150805_Regal_Bancorp_Inc_MD__Old_Line_Bancshares_Inc,0.8609550390166757,0.1044957653419485,0.0345491956413758,bbg_naive_bayes_temporal_tuned_full_training,bbg_key_match,Completed,completed,1997,1648,258,91,0.5,25.0,0.5,1.0,0.75,0.3329445317234491
E000297_20201210_GNB_Financial_Services_Inc__LINKBANCORP_Inc,0.8623170118844724,0.1025709122552506,0.035112075860277,bbg_naive_bayes_temporal_tuned_full_training,bbg_key_match,Completed,completed,1997,1648,258,91,0.5,25.0,0.5,1.0,0.75,0.3329445317234491
E000298_20180531_Mercersburg_Financial_Corp__Orrstown_Financial_Services_Inc,0.8592899191289718,0.1049561410476254,0.0357539398234028,bbg_naive_bayes_temporal_tuned_full_training,bbg_key_match,Completed,completed,1997,1648,258,91,0.5,25.0,0.5,1.0,0.75,0.3329445317234491
E000299_20180126_NewDominion_Bank__Park_National_Corp,0.8592899191289718,0.1049561410476254,0.0357539398234028,bbg_naive_bayes_temporal_tuned_full_training,bbg_key_match,Completed,completed,1997,1648,258,91,0.5,25.0,0.5,1.0,0.75,0.3329445317234491
E000300_20190514_Virginia_Community_Bankshares_Inc__Blue_Ridge_Bankshares_Inc,0.859454420272943,0.1044807009515411,0.0360648787755159,bbg_naive_bayes_temporal_tuned_full_training,bbg_key_match,Completed,completed,1997,1648,258,91,0.5,25.0,0.5,1.0,0.75,0.3329445317234491
E000301_20190918_MidCoast_Community_Bancorp_Inc__Citizens_Financial_Services_Inc,0.859454420272943,0.1044807009515411,0.0360648787755159,bbg_naive_bayes_temporal_tuned_full_training,bbg_key_match,Completed,completed,1997,1648,258,91,0.5,25.0,0.5,1.0,0.75,0.3329445317234491
E000302_20200121_Virginia_Bank_Bankshares_Inc__Pinnacle_Bankshares_Corp,0.8595815701115365,0.1040114755703081,0.0364069543181555,bbg_naive_bayes_temporal_tuned_full_training,bbg_key_match,Completed,completed,1997,1648,258,91,0.5,25.0,0.5,1.0,0.75,0.3329445317234491
E000303_20191218_Bank_of_Akron__CNB_Financial_Corp_PA,0.859454420272943,0.1044807009515411,0.0360648787755159,bbg_naive_bayes_temporal_tuned_full_training,bbg_key_match,Completed,completed,1997,1648,258,91,0.5,25.0,0.5,1.0,0.75,0.3329445317234491
E000304_20210527_Aquesta_Financial_Holdings_Inc__United_Community_Banks_Inc_GA,0.8596741648212498,0.1035505685842604,0.0367752665944897,bbg_naive_bayes_temporal_tuned_full_training,bbg_key_match,Completed,completed,1997,1648,258,91,0.5,25.0,0.5,1.0,0.75,0.3329445317234491
E000305_20070223_Landmark_National_Bank_Solana_Beach_CA__1st_Pacific_Bancorp,0.8557790428767552,0.1099251760163915,0.0342957811068533,bbg_naive_bayes_temporal_tuned_full_training,bbg_key_match,Completed,completed,1997,1648,258,91,0.5,25.0,0.5,1.0,0.75,0.3329445317234491
E000306_20070110_Bank_of_Richmond_NA_The__Gateway_Financial_Holdings_Inc,0.8557790428767552,0.1099251760163915,0.0342957811068533,bbg_naive_bayes_temporal_tuned_full_training,bbg_key_match,Completed,completed,1997,1648,258,91,0.5,25.0,0.5,1.0,0.75,0.3329445317234491
E000307_20061117_Independent_Community_Bank_Tequesta_FL__Sun_American_Bancorp,0.855436767624246,0.1102909472303467,0.0342722851454072,bbg_naive_bayes_temporal_tuned_full_training,bbg_key_match,Completed,completed,1997,1648,258,91,0.5,25.0,0.5,1.0,0.75,0.3329445317234491
E000311_20140703_FNBM_Financial_Corp__GNB_Financial_Services_Inc,0.8582715457387469,0.1068745166665743,0.0348539375946789,bbg_naive_bayes_temporal_tuned_full_training,bbg_key_match,Completed,completed,1997,1648,258,91,0.5,25.0,0.5,1.0,0.75,0.3329445317234491
E000313_20161020_Island_Bancorp_Inc__Independent_Bank_Corp,0.8588480248768409,0.1059167066736036,0.0352352684495555,bbg_naive_bayes_temporal_tuned_full_training,bbg_key_match,Completed,completed,1997,1648,258,91,0.5,25.0,0.5,1.0,0.75,0.3329445317234491
E000314_20251010_SWK_Holdings_Corp__Runway_Growth_Finance_Corp,0.8598286752367571,0.1018266606350423,0.0383446641282006,bbg_naive_bayes_temporal_tuned_full_training,bbg_key_match,Completed,completed,1997,1648,258,91,0.5,25.0,0.5,1.0,0.75,0.3329445317234491
E000315_20250605_Provident_Bancorp_Inc__NB_Bancorp_Inc,0.8598286752367571,0.1018266606350423,0.0383446641282006,bbg_naive_bayes_temporal_tuned_full_training,bbg_key_match,Completed,completed,1997,1648,258,91,0.5,25.0,0.5,1.0,0.75,0.3329445317234491
E000316_20150428_Magna_Bank__Pinnacle_Financial_Partners_In,0.8585747028172784,0.1063971571405325,0.0350281400421891,bbg_naive_bayes_temporal_tuned_full_training,bbg_key_match,Completed,completed,1997,1648,258,91,0.5,25.0,0.5,1.0,0.75,0.3329445317234491
