event_id,target,signal,selected_strategy,signal_reason,elect,E_return_%,downside_5%_%,loss_probability_%,realized_return_%,p_completed,p_terminated,p_withdrawn,hedge_side,hedge_ratio,capacity_optimal_notional,capacity_optimal_expected_pnl,capacity_adjusted_E_return_%,capacity_adjusted_realized_return_%
E000129_20191001_Altera_Infrastructure_LP__Brookfield_Business_Partners_LP,Altera Infrastructure LP,REVIEW,REVIEW,implausible_cash_vs_stock_term_gap,STOCK,1593.22,-25.32,16.07,,0.8408,0.1224,0.0368,SHORT_ACQUIRER,0.788,,,,
E000010_20121220_NYSE_Euronext__Intercontinental_Exchange_Inc,NYSE Euronext,REVIEW,REVIEW,implausible_cash_vs_stock_term_gap,STOCK,191.63,-26.28,15.31,,0.8462,0.1184,0.0354,SHORT_ACQUIRER,0.79,,,,
E000241_20120604_First_Trust_Bank__BNC_Bancorp,First Trust Bank,REVIEW,REVIEW,implausible_cash_vs_stock_term_gap,CASH,79.67,25.0,0.0,88.25,0.8597,0.1059,0.0344,LONG_ACQUIRER,0.305,,,,
E000022_20140713_URS_Corp__AECOM,URS Corp,REVIEW,REVIEW,abs_completion_or_election_return_above_30pct,CASH,45.59,25.0,0.0,48.8,0.8489,0.1153,0.0358,LONG_ACQUIRER,0.301,,,,
E000060_20070627_Chittenden_Corp__People_s_United_Financial_Inc,Chittenden Corp,REVIEW,REVIEW,abs_completion_or_election_return_above_30pct,CASH,45.42,25.0,0.0,48.59,0.8545,0.1112,0.0343,LONG_ACQUIRER,0.439,,,,
E000135_20090908_Intellon_Corp__Qualcomm_Atheros_Inc,Intellon Corp,REVIEW,REVIEW,implausible_cash_vs_stock_term_gap,STOCK,42.98,-30.06,14.52,,0.8534,0.1122,0.0344,SHORT_ACQUIRER,0.2,,,,
E000063_20160411_Hatteras_Financial_Corp__Annaly_Capital_Management_Inc,Hatteras Financial Corp,REVIEW,REVIEW,implausible_cash_vs_stock_term_gap,STOCK,42.96,25.0,0.0,45.68,0.8527,0.1113,0.0359,LONG_ACQUIRER,0.643,,,,
E000040_20170504_Capital_Bank_Financial_Corp__First_Horizon_Corp,Capital Bank Financial Cor,REVIEW,REVIEW,implausible_cash_vs_stock_term_gap,STOCK,37.82,25.0,0.0,39.5,0.8573,0.1067,0.0359,LONG_ACQUIRER,1.087,,,,
E000048_20071207_Rovi_Guides_Inc__Rovi_Corp,Rovi Guides Inc,REVIEW,REVIEW,implausible_cash_vs_stock_term_gap,CASH,29.18,-25.0,15.2,,0.8476,0.118,0.0344,SHORT_ACQUIRER,0.025,,,,
E000042_20140113_Foster_Wheeler_AG__Amec_Foster_Wheeler_Ltd,Foster Wheeler AG,REVIEW,REVIEW,implausible_cash_vs_stock_term_gap,STOCK,28.79,25.0,0.0,29.06,0.8064,0.1418,0.0517,LONG_ACQUIRER,0.45,,,,
E000238_20070201_ICNB_Financial_Corp__Firstbank_Corp,ICNB Financial Corp,REVIEW,REVIEW,abs_completion_or_election_return_above_30pct,CASH,28.27,-25.0,14.51,,0.8581,0.1077,0.0343,SHORT_ACQUIRER,0.186,,,,
E000075_20200806_Sirius_International_Insurance_Group_Ltd__SiriusPoint_Ltd,Sirius International Insur,REVERSE,SHORT_TARGET_PASSIVE,risk_adjusted_return_positive,CASH,28.16,26.46,0.0,26.46,0.838,0.1143,0.0477,LONG_ACQUIRER,0.371,35214939.637,9917379.9009,28.1624,26.4613
E000278_20090421_Endocare_Inc__HealthTronics_Inc,Endocare Inc,REVIEW,REVIEW,abs_completion_or_election_return_above_30pct,CASH,26.15,-28.87,14.06,,0.8589,0.1068,0.0343,SHORT_ACQUIRER,0.103,,,,
E000014_20110616_Southern_Union_Co__Energy_Transfer_LP,Southern Union Co,REVIEW,REVIEW,abs_completion_or_election_return_above_30pct,STOCK,25.49,-25.0,15.48,36.03,0.846,0.119,0.0351,SHORT_ACQUIRER,0.708,,,,
E000026_20180502_MTGE_Investment_Corp__Annaly_Capital_Management_Inc,MTGE Investment Corp,REVIEW,REVIEW,implausible_cash_vs_stock_term_gap,CASH,25.42,25.0,0.0,25.05,0.8504,0.1116,0.038,LONG_ACQUIRER,0.476,,,,
E000051_20140312_EPL_Oil___Gas_Inc__Energy_XXI_Ltd,EPL Oil & Gas Inc,REVIEW,REVIEW,implausible_cash_vs_stock_term_gap,CASH,22.34,21.37,0.0,21.37,0.8427,0.1206,0.0368,LONG_ACQUIRER,0.204,,,,
E000041_20181009_Antero_Midstream_Partners_LP__Antero_Midstream_Corp,Antero Midstream Partners ,REVIEW,REVIEW,implausible_cash_vs_stock_term_gap,STOCK,21.97,-25.0,38.95,8.55,0.8398,0.119,0.0412,SHORT_ACQUIRER,1.294,,,,
E000145_20070516_East_Penn_Financial_Corp__Harleysville_National_Corp,East Penn Financial Corp,REVIEW,REVIEW,implausible_cash_vs_stock_term_gap,CASH,21.15,17.61,0.0,17.61,0.8574,0.1083,0.0343,LONG_ACQUIRER,0.151,,,,
E000092_20100419_GEO_Reentry_Inc__GEO_Group_Inc_The,GEO Reentry Inc,REVIEW,REVIEW,implausible_cash_vs_stock_term_gap,STOCK,20.93,18.6,0.0,18.6,0.8516,0.1139,0.0345,LONG_ACQUIRER,1.04,,,,
E000093_20130909_MTR_Gaming_Group_Inc__Caesars_Entertainment_Inc,MTR Gaming Group Inc,PASS_P05,PASS,best_candidate_p05_below_floor,CASH,16.81,-25.0,14.62,14.64,0.8532,0.112,0.0348,SHORT_ACQUIRER,0.128,,,,
E000091_20070923_C-COR_Inc_Old__ARRIS_Group_Inc,C-COR Inc/Old,PASS_P05,PASS,best_candidate_p05_below_floor,CASH,10.71,-25.0,15.09,,0.85,0.1156,0.0343,SHORT_ACQUIRER,0.131,,,,
E000259_20120503_Alliance_Bankshares_Corp__WashingtonFirst_Bankshares_Inc,Alliance Bankshares Corp,ENTER,LONG_TARGET_ELECTION,risk_adjusted_return_positive,CASH,10.62,-25.0,14.27,17.78,0.8598,0.1058,0.0344,SHORT_ACQUIRER,0.177,4288.275,458.385,10.6893,17.7765
E000151_20120531_Beacon_Federal_Bancorp_Inc__Beacon_Financial_Corp,Beacon Federal Bancorp Inc,PASS_P05,PASS,best_candidate_p05_below_floor,STOCK,10.16,-35.0,30.25,,0.6933,0.2293,0.0774,SHORT_ACQUIRER,0.727,,,,
E000083_20120723_GeoEye_Inc__DigitalGlobe_Inc,GeoEye Inc,REVERSE,SHORT_TARGET_PASSIVE,risk_adjusted_return_positive,STOCK,9.97,5.06,0.0,5.06,0.8523,0.1129,0.0347,LONG_ACQUIRER,0.713,11773587.83,1174117.5043,9.9725,5.0638
E000170_20080910_American_Community_Bancshares_Inc__Yadkin_Financial_Corp,American Community Bancsha,REVIEW,REVIEW,implausible_cash_vs_stock_term_gap,CASH,9.19,-29.01,15.02,,0.8508,0.1148,0.0344,SHORT_ACQUIRER,0.343,,,,
E000012_20131023_Cole_Real_Estate_Investment_Inc__VEREIT_Inc,Cole Real Estate Investmen,PASS_LOSS_PROB,PASS,best_candidate_loss_probability_above_ceiling,STOCK,7.53,-1.49,69.28,-1.49,0.6911,0.2199,0.089,LONG_ACQUIRER,0.874,,,,
E000050_20140917_Auxilium_Pharmaceuticals_LLC__Endo_International_PLC,"Auxilium Pharmaceuticals, ",PASS_LOSS_PROB,PASS,best_candidate_loss_probability_above_ceiling,CASH,7.47,-5.09,68.95,-5.09,0.6882,0.2097,0.1021,LONG_ACQUIRER,0.244,,,,
E000196_20221019_HV_Bancorp_Inc__Citizens_Financial_Services_Inc,HV Bancorp Inc,PASS_P05,PASS,best_candidate_p05_below_floor,CASH,7.46,-25.0,13.81,10.55,0.8621,0.1021,0.0358,SHORT_ACQUIRER,0.157,,,,
E000078_20201005_Eidos_Therapeutics_Inc__Bridgebio_Pharma_Inc,Eidos Therapeutics Inc,REVERSE,SHORT_TARGET_PASSIVE,risk_adjusted_return_positive,STOCK,7.38,1.66,0.0,1.66,0.8594,0.1042,0.0364,LONG_ACQUIRER,0.925,17189831.425,1269232.2335,7.3836,1.6592
E000037_20090420_PepsiAmericas_Inc__PepsiCo_Inc,PepsiAmericas Inc,ENTER,LONG_TARGET_ELECTION,risk_adjusted_return_positive,CASH,7.33,-25.0,15.13,15.57,0.8474,0.1181,0.0345,SHORT_ACQUIRER,0.067,18515498.1318,1364925.1796,7.3718,15.5718
E000249_20240307_Superior_Drilling_Products_Inc__Drilling_Tools_International_Corp,Superior Drilling Products,ENTER,LONG_TARGET_ELECTION,risk_adjusted_return_positive,CASH,7.21,-25.0,13.83,14.03,0.8597,0.1035,0.0369,SHORT_ACQUIRER,0.041,114338.5944,7846.1572,6.8622,14.0251
E000122_20070720_Oak_Hill_Financial_Inc__WesBanco_Inc,Oak Hill Financial Inc,ENTER,LONG_TARGET_ELECTION,risk_adjusted_return_positive,CASH,6.97,-25.0,14.44,4.49,0.8571,0.1086,0.0343,SHORT_ACQUIRER,0.701,635247.361,43587.9522,6.8616,4.4743
E000174_20141113_Foster_Wheeler_AG__Amec_Foster_Wheeler_Ltd,Foster Wheeler AG,REVERSE,SHORT_TARGET_PASSIVE,risk_adjusted_return_positive,CASH,6.67,2.1,0.0,2.1,0.824,0.1336,0.0424,LONG_ACQUIRER,0.45,26689580.568,1779614.9604,6.6678,2.0999
E000163_20070627_Web.com_Holding_Co_Inc__Web.com_Group_Inc,Web.com Holding Co Inc (We,PASS_LOSS_PROB,PASS,best_candidate_loss_probability_above_ceiling,STOCK,6.57,-2.0,69.84,-2.0,0.6959,0.2605,0.0436,LONG_ACQUIRER,0.344,,,,
E000072_20070214_TALX_Corp__Equifax_Inc,TALX Corp,REVERSE,SHORT_TARGET_PASSIVE,risk_adjusted_return_positive,CASH,6.12,2.35,0.0,2.35,0.849,0.1167,0.0343,LONG_ACQUIRER,0.646,10059587.0375,615209.4521,6.1157,2.3451
E000028_20190402_AmeriGas_Partners_LP__UGI_Corp,AmeriGas Partners LP,REVERSE,SHORT_TARGET_PASSIVE,risk_adjusted_return_positive,CASH,5.85,1.98,0.0,1.98,0.8505,0.1108,0.0387,LONG_ACQUIRER,0.319,25072300.252,1466677.2749,5.8498,1.9831
E000046_20140321_LIN_Media_LLC__Media_General_Inc,LIN Media LLC,REVERSE,SHORT_TARGET_PASSIVE,risk_adjusted_return_positive,CASH,5.85,2.09,0.0,2.09,0.8512,0.1134,0.0354,LONG_ACQUIRER,0.736,24945732.912,1458109.6703,5.8451,2.0923
E000176_20160310_LaPorte_Bancorp_Inc__Horizon_Bancorp_Inc_IN,LaPorte Bancorp Inc,PASS_P05,PASS,best_candidate_p05_below_floor,CASH,5.47,-25.0,13.95,,0.8606,0.1046,0.0348,SHORT_ACQUIRER,0.148,,,,
E000024_20161117_Western_Refining_Inc__Andeavor,Western Refining Inc,REVERSE,SHORT_TARGET_PASSIVE,risk_adjusted_return_positive,STOCK,5.24,0.77,0.0,0.77,0.8497,0.1135,0.0368,LONG_ACQUIRER,0.217,152907567.096,8017702.585,5.2435,0.773
E000038_20100415_Mariner_Energy_Inc__Apache_Corp,Mariner Energy Inc,PASS_LOSS_PROB,PASS,best_candidate_loss_probability_above_ceiling,STOCK,4.88,-1.18,85.12,-1.18,0.848,0.1173,0.0347,LONG_ACQUIRER,0.122,,,,
E000005_20160125_Johnson_Controls_Inc__Johnson_Controls_International_plc,Johnson Controls Inc,REVERSE,SHORT_TARGET_PASSIVE,risk_adjusted_return_positive,STOCK,4.85,0.19,0.0,0.19,0.8294,0.1262,0.0444,LONG_ACQUIRER,0.5,210397582.1745,10207062.0449,4.8513,0.1857
E000191_20101012_Rome_Bancorp_Inc__Beacon_Financial_Corp,Rome Bancorp Inc,PASS_P05,PASS,best_candidate_p05_below_floor,STOCK,4.38,-35.0,30.43,15.86,0.6958,0.245,0.0592,SHORT_ACQUIRER,0.518,,,,
E000212_20070827_Carolina_National_Corp__First_National_Bancshares_Inc_SC,Carolina National Corp,PASS_P05,PASS,best_candidate_p05_below_floor,CASH,4.29,-27.79,14.06,6.66,0.8579,0.1078,0.0343,SHORT_ACQUIRER,0.405,,,,
E000119_20220524_PCSB_Financial_Corp__Brookline_Bancorp_Inc,PCSB Financial Corp,PASS_P05,PASS,best_candidate_p05_below_floor,CASH,4.07,-25.0,13.88,3.6,0.8613,0.1025,0.0362,SHORT_ACQUIRER,0.255,,,,
E000258_20111220_Commercefirst_Bancorp_Inc__Sandy_Spring_Bancorp_Inc,Commercefirst Bancorp Inc,PASS_P05,PASS,best_candidate_p05_below_floor,STOCK,4.05,-36.52,13.93,,0.8595,0.1062,0.0343,SHORT_ACQUIRER,0.633,,,,
E000121_20070129_Premier_Community_Bankshares_Inc__United_Bankshares_Inc_WV,Premier Community Bankshar,PASS_LOSS_PROB,PASS,best_candidate_loss_probability_above_ceiling,STOCK,3.97,-2.21,85.47,-2.21,0.8571,0.1086,0.0343,LONG_ACQUIRER,0.465,,,,
E000068_20181119_Resolute_Energy_Corp__Cimarex_Energy_Co,Resolute Energy Corp,REVERSE,SHORT_TARGET_PASSIVE,risk_adjusted_return_positive,CASH,3.96,0.09,0.0,0.09,0.8536,0.1096,0.0367,LONG_ACQUIRER,0.197,28587165.007,1131283.2752,3.9573,0.0851
E000088_20160825_AEP_Industries_Inc__Berry_Global_Group_Inc,AEP Industries Inc,PASS_LOSS_PROB,PASS,best_candidate_loss_probability_above_ceiling,STOCK,3.94,-0.81,85.4,-0.81,0.8543,0.1101,0.0356,LONG_ACQUIRER,1.251,,,,
E000225_20120910_WSB_Holdings_Inc__Old_Line_Bancshares_Inc,WSB Holdings Inc,PASS_P05,PASS,best_candidate_p05_below_floor,CASH,3.9,-49.75,14.11,,0.8596,0.106,0.0344,SHORT_ACQUIRER,0.129,,,,
E000240_20130514_Mayflower_Bancorp_Inc__Independent_Bank_Corp,Mayflower Bancorp Inc,PASS_LOSS_PROB,PASS,best_candidate_loss_probability_above_ceiling,STOCK,3.72,-2.85,86.2,-2.85,0.86,0.1055,0.0345,LONG_ACQUIRER,0.395,,,,
E000074_20160303_Carmike_Cinemas_Inc__AMC_Entertainment_Holdings_Inc,Carmike Cinemas Inc,PASS_P05,PASS,best_candidate_p05_below_floor,CASH,3.59,-33.66,14.83,10.49,0.8535,0.1107,0.0357,SHORT_ACQUIRER,0.051,,,,
E000047_20140602_American_Realty_Capital_Healthcare_Trust_Inc__Ventas_Inc,American Realty Capital He,PASS_LOSS_PROB,PASS,best_candidate_loss_probability_above_ceiling,CASH,3.52,-0.72,84.87,-0.72,0.8514,0.1132,0.0354,LONG_ACQUIRER,0.152,,,,
E000159_20070119_Merrill_Merchants_Bancshares_Inc__Chittenden_Corp,Merrill Merchants Bancshar,PASS_LOSS_PROB,PASS,best_candidate_loss_probability_above_ceiling,CASH,3.28,-0.71,85.82,-0.71,0.8575,0.1082,0.0343,LONG_ACQUIRER,0.612,,,,
E000146_20190107_HopFed_Bancorp_Inc__First_Financial_Corp,HopFed Bancorp Inc,PASS_P05,PASS,best_candidate_p05_below_floor,CASH,3.28,-29.46,14.03,,0.8611,0.1035,0.0354,SHORT_ACQUIRER,0.058,,,,
E000184_20160426_First_Clover_Leaf_Financial_Corp__First_Mid_Bancshares_Inc,First Clover Leaf Financia,ENTER,LONG_TARGET_ELECTION,risk_adjusted_return_positive,CASH,3.27,-25.0,14.02,,0.8606,0.1046,0.0348,SHORT_ACQUIRER,0.162,36317.936,1182.6186,3.2563,
E000034_20070219_Florida_Rock_Industries_Inc__Vulcan_Materials_Co,Florida Rock Industries In,PASS_LOSS_PROB,PASS,best_candidate_loss_probability_above_ceiling,STOCK,3.12,-2.27,84.03,-2.27,0.8459,0.1198,0.0344,LONG_ACQUIRER,0.189,,,,
E000116_20150422_Palmetto_Bancshares_Inc__United_Community_Banks_Inc_GA,Palmetto Bancshares Inc,PASS_LOSS_PROB,PASS,best_candidate_loss_probability_above_ceiling,CASH,3.11,-0.87,85.93,-0.87,0.8597,0.1056,0.0348,LONG_ACQUIRER,0.679,,,,
E000185_20080903_Lincoln_Bancorp_IN__First_Merchants_Corp,Lincoln Bancorp/IN,PASS_P05,PASS,best_candidate_p05_below_floor,CASH,2.86,-2.34,85.89,-2.34,0.858,0.1077,0.0343,LONG_ACQUIRER,0.56,,,,
E000070_20070603_Digene_Corp__QIAGEN_NV,Digene Corp,ENTER,LONG_TARGET_ELECTION,risk_adjusted_return_positive,CASH,2.68,-25.0,15.83,,0.84,0.1255,0.0345,SHORT_ACQUIRER,0.368,25668799.8325,682025.4935,2.657,
E000052_20240628_Infinera_Corp__Nokia_Oyj,Infinera Corp,PASS_P05,PASS,best_candidate_p05_below_floor,STOCK,2.66,-35.0,15.88,7.83,0.8414,0.1031,0.0555,SHORT_ACQUIRER,1.08,,,,
E000187_20080409_EP_Medsystems_Inc__St_Jude_Medical_Inc,EP Medsystems Inc,PASS_P05,PASS,best_candidate_p05_below_floor,STOCK,2.6,-47.72,14.16,13.32,0.858,0.1077,0.0343,SHORT_ACQUIRER,0.052,,,,
E000100_20110726_S1_Corp__ACI_Worldwide_Inc,S1 Corp,ENTER,LONG_TARGET_ELECTION,risk_adjusted_return_positive,STOCK,2.58,-25.0,14.83,,0.8528,0.1127,0.0346,SHORT_ACQUIRER,0.193,19657109.7974,482405.1083,2.4541,
E000180_20191218_MSB_Financial_Corp_MD__Kearny_Financial_Corp_MD,MSB Financial Corp/MD,PASS_LOSS_PROB,PASS,best_candidate_loss_probability_above_ceiling,STOCK,2.5,-1.63,85.77,-1.63,0.8577,0.1065,0.0358,LONG_ACQUIRER,1.17,,,,
E000132_20070125_Civitas_BankGroup_Inc__Green_Bankshares_Inc,Civitas BankGroup Inc,PASS_LOSS_PROB,PASS,best_candidate_loss_probability_above_ceiling,CASH,2.47,-1.8,85.37,-1.8,0.8573,0.1085,0.0343,LONG_ACQUIRER,0.187,,,,
E000118_20110420_Bancorp_Rhode_Island_Inc__Brookline_Bancorp_Inc,Bancorp Rhode Island Inc,PASS_P05,PASS,best_candidate_p05_below_floor,CASH,2.44,-30.73,14.21,4.35,0.8584,0.1072,0.0344,SHORT_ACQUIRER,0.587,,,,
E000016_20110720_Nalco_Holding_Co__Ecolab_Inc,Nalco Holding Co,PASS_LOSS_PROB,PASS,best_candidate_loss_probability_above_ceiling,CASH,2.35,-2.17,84.64,-2.17,0.8465,0.1185,0.035,LONG_ACQUIRER,0.49,,,,
E000107_20210622_County_Bancorp_Inc__Nicolet_Bankshares_Inc,County Bancorp Inc,PASS_P05,PASS,best_candidate_p05_below_floor,CASH,2.24,-2.2,85.83,-2.2,0.8605,0.1033,0.0363,LONG_ACQUIRER,0.384,,,,
E000069_20100819_NewAlliance_Bancshares_Inc__First_Niagara_Financial_Group_Inc,NewAlliance Bancshares Inc,PASS_P05,PASS,best_candidate_p05_below_floor,CASH,2.16,-25.0,14.18,12.44,0.856,0.1096,0.0345,SHORT_ACQUIRER,0.544,,,,
E000153_20190816_Bancorp_of_New_Jersey_Inc__ConnectOne_Bancorp_Inc,Bancorp of New Jersey Inc,PASS_LOSS_PROB,PASS,best_candidate_loss_probability_above_ceiling,CASH,2.15,-1.99,86.0,-1.99,0.8612,0.1035,0.0353,LONG_ACQUIRER,0.624,,,,
E000061_20150817_National_Penn_Bancshares_Inc__Truist_Financial_Corp,National Penn Bancshares I,ENTER,LONG_TARGET_ELECTION,risk_adjusted_return_positive,CASH,2.04,-25.0,14.9,2.69,0.8575,0.1073,0.0352,SHORT_ACQUIRER,0.088,11786776.3502,260952.1626,2.2139,2.661
E000127_20060919_Summit_Bank_Corp__UCBH_Holdings_Inc,Summit Bank Corp,PASS_LOSS_PROB,PASS,best_candidate_loss_probability_above_ceiling,CASH,1.93,-3.12,85.8,-3.12,0.8569,0.1088,0.0343,LONG_ACQUIRER,0.676,,,,
E000199_20130129_Somerset_Hills_Bancorp__Lakeland_Bancorp_Inc,Somerset Hills Bancorp,PASS_LOSS_PROB,PASS,best_candidate_loss_probability_above_ceiling,CASH,1.81,-2.22,86.36,-2.22,0.8598,0.1057,0.0345,LONG_ACQUIRER,1.077,,,,
E000054_20240229_Sterling_Check_Corp__First_Advantage_Corp,Sterling Check Corp,PASS_LOSS_PROB,PASS,best_candidate_loss_probability_above_ceiling,CASH,1.81,-2.31,86.26,-2.31,0.8583,0.1029,0.0388,LONG_ACQUIRER,0.274,,,,
E000141_20061106_Traffic.com_Inc__NAVTEQ_Corp,Traffic.com Inc,PASS_LOSS_PROB,PASS,best_candidate_loss_probability_above_ceiling,CASH,1.73,-3.95,85.75,-3.95,0.857,0.1087,0.0343,LONG_ACQUIRER,0.117,,,,
E000104_20110120_Danvers_Bancorp_Inc__People_s_United_Financial_Inc,Danvers Bancorp Inc,PASS_LOSS_PROB,PASS,best_candidate_loss_probability_above_ceiling,CASH,1.61,-2.66,85.83,-2.66,0.8577,0.1078,0.0344,LONG_ACQUIRER,0.812,,,,
E000117_20151208_Fox_Chase_Bancorp_Inc__Univest_Financial_Corp,Fox Chase Bancorp Inc,PASS_LOSS_PROB,PASS,best_candidate_loss_probability_above_ceiling,CASH,1.6,-2.43,86.48,-2.43,0.8597,0.1055,0.0348,LONG_ACQUIRER,0.584,,,,
E000128_20170126_Centrue_Financial_Corp__Midland_States_Bancorp_Inc,Centrue Financial Corp,PASS_LOSS_PROB,PASS,best_candidate_loss_probability_above_ceiling,CASH,1.54,-2.63,86.12,-2.63,0.8605,0.1045,0.035,LONG_ACQUIRER,0.494,,,,
E000109_20151123_CommunityOne_Bancorp__Capital_Bank_Financial_Corp,CommunityOne Bancorp,PASS_LOSS_PROB,PASS,best_candidate_loss_probability_above_ceiling,STOCK,1.5,-2.57,86.46,-2.57,0.8594,0.1058,0.0348,LONG_ACQUIRER,0.365,,,,
E000175_20210623_Cortland_Bancorp__Farmers_National_Banc_Corp,Cortland Bancorp,PASS_LOSS_PROB,PASS,best_candidate_loss_probability_above_ceiling,CASH,1.48,-2.76,86.09,-2.76,0.8617,0.1026,0.0357,LONG_ACQUIRER,1.312,,,,
E000149_20140604_TF_Financial_Corp__National_Penn_Bancshares_Inc,TF Financial Corp,PASS_LOSS_PROB,PASS,best_candidate_loss_probability_above_ceiling,STOCK,1.45,-3.14,86.09,-3.14,0.8598,0.1056,0.0346,LONG_ACQUIRER,2.532,,,,
E000173_20190715_Carolina_Trust_Bancshares_Inc__Carolina_Financial_Corp,Carolina Trust Bancshares ,PASS_LOSS_PROB,PASS,best_candidate_loss_probability_above_ceiling,CASH,1.26,-3.08,85.89,-3.08,0.8613,0.1034,0.0353,LONG_ACQUIRER,0.27,,,,
E000103_20210729_Misonix_Inc__Bioventus_Inc,Misonix Inc,ENTER,LONG_TARGET_ELECTION,risk_adjusted_return_positive,CASH,1.13,-25.0,13.81,5.25,0.8604,0.1033,0.0363,SHORT_ACQUIRER,0.217,1946932.0464,19629.7513,1.0082,5.2245
E000058_20160919_Isle_of_Capri_Casinos_Inc__Caesars_Entertainment_Inc,Isle of Capri Casinos Inc,PASS_LOSS_PROB,PASS,best_candidate_loss_probability_above_ceiling,STOCK,1.03,-3.48,85.39,-3.48,0.8526,0.1114,0.036,LONG_ACQUIRER,0.688,,,,
E000237_20070614_Cardinal_State_Bank_Durham_NC__Yadkin_Financial_Corp,Cardinal State Bank/Durham,REVIEW,REVIEW,implausible_cash_vs_stock_term_gap,CASH,1.02,-3.36,85.77,-3.36,0.8581,0.1077,0.0343,LONG_ACQUIRER,0.385,,,,
E000150_20140805_Peoples_Federal_Bancshares_Inc__Independent_Bank_Corp,Peoples Federal Bancshares,ENTER,LONG_TARGET_ELECTION,risk_adjusted_return_positive,CASH,1.0,-25.0,13.99,,0.8598,0.1056,0.0346,SHORT_ACQUIRER,0.107,191908.332,2024.6777,1.055,
E000137_20070910_Great_Lakes_Bancorp_Inc__First_Niagara_Financial_Group_Inc,Great Lakes Bancorp Inc,PASS_P05,PASS,best_candidate_p05_below_floor,CASH,0.94,-25.0,14.02,,0.8573,0.1084,0.0343,SHORT_ACQUIRER,0.13,,,,
E000131_20170501_ASB_Bancorp_Inc__First_Bancorp_Southern_Pines_NC,ASB Bancorp Inc,PASS_LOSS_PROB,PASS,best_candidate_loss_probability_above_ceiling,STOCK,0.92,-3.32,86.3,-3.32,0.8605,0.1045,0.035,LONG_ACQUIRER,1.296,,,,
E000158_20151001_First_Capital_Bancorp_Inc_VA__Park_Sterling_Corp,First Capital Bancorp Inc/,PASS,PASS,both_directions_below_hurdle,CASH,0.46,-3.93,86.02,-3.93,0.8602,0.1051,0.0347,LONG_ACQUIRER,0.542,,,,
