event_id,target,signal,signal_reason,selected_strategy,elect,M,fair_value,risk_adjusted_fair_value,arb_return_%,E_return_%,decision_metric,decision_value_%,downside_5%_%,cvar_5%_%,loss_probability_%,long_fair_value,long_E_return_%,long_downside_5%_%,long_loss_probability_%,reverse_settlement_value,reverse_completion_return_%,reverse_E_return_%,reverse_downside_5%_%,reverse_loss_probability_%,p_completed,p_terminated,p_withdrawn,outcome_probability_source,terminated_return_%,withdrawn_return_%,terminated_value,withdrawn_value,hedge_side,hedge_ratio,long_hedge_ratio_short_acquirer,reverse_hedge_ratio_long_acquirer,size_x,actual_outcome,realized_return_source,realized_return_%,capacity_status,capacity_flow_model,capacity_binding_constraint,capacity_source_mix,capacity_raw_max_binding_constraint,capacity_raw_max_notional,capacity_raw_max_pct_shares_outstanding,capacity_raw_max_shares,capacity_max_binding_constraint,capacity_max_source_mix,capacity_max_seller_cash_prob,capacity_max_own_cash_prob,capacity_max_lender_cash_prob,capacity_max_buyer_cash_prob,capacity_max_shares,capacity_max_notional,capacity_max_pct_shares_outstanding,capacity_max_E_return_%,capacity_max_downside_5%_%,capacity_max_loss_probability_%,capacity_max_expected_pnl,capacity_max_cash_demand_shift_pctpts,capacity_max_impacted_mean_cash_election_%,capacity_max_baseline_realized_return_%,capacity_max_baseline_realized_pnl,capacity_max_self_impact_realized_return_%,capacity_max_self_impact_realized_pnl,capacity_optimal_binding_constraint,capacity_optimal_source_mix,capacity_optimal_seller_cash_prob,capacity_optimal_own_cash_prob,capacity_optimal_lender_cash_prob,capacity_optimal_buyer_cash_prob,capacity_optimal_shares,capacity_optimal_notional,capacity_optimal_pct_shares_outstanding,capacity_optimal_E_return_%,capacity_optimal_downside_5%_%,capacity_optimal_loss_probability_%,capacity_optimal_expected_pnl,capacity_optimal_cash_demand_shift_pctpts,capacity_optimal_impacted_mean_cash_election_%,capacity_optimal_baseline_realized_return_%,capacity_optimal_baseline_realized_pnl,capacity_optimal_self_impact_realized_return_%,capacity_optimal_self_impact_realized_pnl,capacity_shares,capacity_notional,capacity_pct_shares_outstanding,capacity_max_raw_pct_shares_outstanding,capacity_adv20,capacity_shares_outstanding,capacity_passive_share_%,capacity_positive_holder_share_%,capacity_positive_holder_share_of_active_%,capacity_noisy_holder_share_%,capacity_noisy_cash_prob,capacity_holder_model_source,capacity_holder_fit_n,capacity_holder_p_hat,capacity_holder_q_hat,capacity_holder_predicted_cash_demand_%,capacity_holder_rational_action,capacity_positive_sell_rate_%,capacity_seller_cash_prob,capacity_buyer_cash_prob,capacity_lender_cash_prob,capacity_own_cash_prob,capacity_cash_demand_shift_pctpts,capacity_impacted_mean_cash_election_%,capacity_election_impact_used_in_payoff,capacity_adjusted_E_return_%,capacity_adjusted_downside_5%_%,capacity_adjusted_loss_probability_%,capacity_alpha_decay_%,capacity_adjusted_realized_return_%,capacity_baseline_realized_return_%,capacity_baseline_realized_pnl,capacity_self_impact_realized_return_%,capacity_self_impact_realized_pnl,self_impact_can_eliminate_arbitrage,self_impact_break_even_pct_shares_outstanding,self_impact_proof_note
E000129_20191001_Altera_Infrastructure_LP__Brookfield_Business_Partners_LP,Altera Infrastructure LP,REVIEW,implausible_cash_vs_stock_term_gap,REVIEW,STOCK,1.54,30.82,26.08,1901.12,1593.22,mean,1593.22,-25.32,-27.56,16.07,30.82,1593.22,-25.32,16.07,20.13,-1207.14,-1016.0,-1207.14,84.52,0.8408,0.1224,0.0368,external_outcome_probabilities_explicit_three_state,-25.32,-35.0,1.15,1.0,SHORT_ACQUIRER,0.788,0.788,0.5,0.0,completed,completed_status_no_realized_f_cash,,not_evaluated,,,,,,,,,,,,,,,,,,,,,,,,,,,,,,,,,,,,,,,,,,,,,,,,,,,,,,,,,,,,,,,,,,,,,,0,,,,,,,,,,0,,
E000010_20121220_NYSE_Euronext__Intercontinental_Exchange_Inc,NYSE Euronext,REVIEW,implausible_cash_vs_stock_term_gap,REVIEW,STOCK,31.92,105.73,93.09,231.23,191.63,mean,191.63,-26.28,-28.28,15.31,105.73,191.63,-26.28,15.31,79.06,-147.68,-119.78,-147.68,84.15,0.8462,0.1184,0.0354,external_outcome_probabilities_explicit_three_state,-26.28,-35.0,23.53,20.75,SHORT_ACQUIRER,0.79,0.79,0.5,0.0,completed,completed_status_no_realized_f_cash,,not_evaluated,,,,,,,,,,,,,,,,,,,,,,,,,,,,,,,,,,,,,,,,,,,,,,,,,,,,,,,,,,,,,,,,,,,,,,0,,,,,,,,,,0,,
E000241_20120604_First_Trust_Bank__BNC_Bancorp,First Trust Bank,REVIEW,implausible_cash_vs_stock_term_gap,REVIEW,CASH,31.5,3.7,6.4,-84.36,79.67,mean,79.67,25.0,25.0,0.0,4.93,-76.32,-88.12,100.0,3.7,88.25,79.67,25.0,0.0,0.8597,0.1059,0.0344,external_outcome_probabilities_explicit_three_state,-25.0,-35.0,23.62,20.48,LONG_ACQUIRER,0.305,0.135,0.305,0.0,completed,completed_status_no_realized_f_cash,88.25,not_evaluated,,,,,,,,,,,,,,,,,,,,,,,,,,,,,,,,,,,,,,,,,,,,,,,,,,,,,,,,,,,,,,,,,,,,,,0,,,,,,,,,,0,,
E000022_20140713_URS_Corp__AECOM,URS Corp,REVIEW,abs_completion_or_election_return_above_30pct,REVIEW,CASH,58.85,30.13,32.02,-44.96,45.59,mean,45.59,25.0,25.0,0.0,32.39,-42.21,-48.43,100.0,30.13,48.8,45.59,25.0,0.0,0.8489,0.1153,0.0358,external_outcome_probabilities_explicit_three_state,-25.0,-35.0,44.14,38.25,LONG_ACQUIRER,0.301,0.064,0.301,0.0,completed,completed_status_no_realized_f_cash,48.8,not_evaluated,,,,,,,,,,,,,,,,,,,,,,,,,,,,,,,,,,,,,,,,,,,,,,,,,,,,,,,,,,,,,,,,,,,,,,0,,,,,,,,,,0,,
E000060_20070627_Chittenden_Corp__People_s_United_Financial_Inc,Chittenden Corp,REVIEW,abs_completion_or_election_return_above_30pct,REVIEW,CASH,35.25,18.12,19.24,-43.96,45.42,mean,45.42,25.0,25.0,0.0,19.75,-41.52,-48.29,100.0,18.12,48.59,45.42,25.0,0.0,0.8545,0.1112,0.0343,external_outcome_probabilities_explicit_three_state,-25.0,-35.0,26.44,22.91,LONG_ACQUIRER,0.439,0.117,0.439,0.0,completed,realized_f_cash,48.59,not_evaluated,,,,,,,,,,,,,,,,,,,,,,,,,,,,,,,,,,,,,,,,,,,,,,,,,,,,,,,,,,,,,,,,,,,,,,0,,,,,,,,,,0,,
E000135_20090908_Intellon_Corp__Qualcomm_Atheros_Inc,Intellon Corp,REVIEW,implausible_cash_vs_stock_term_gap,REVIEW,STOCK,7.12,11.08,10.18,55.59,42.98,mean,42.98,-30.06,-31.22,14.52,11.08,42.98,-30.06,14.52,9.57,-34.41,-24.65,-34.41,85.12,0.8534,0.1122,0.0344,external_outcome_probabilities_explicit_three_state,-30.06,-35.0,4.98,4.63,SHORT_ACQUIRER,0.2,0.2,0.12,0.0,completed,completed_status_no_realized_f_cash,,not_evaluated,,,,,,,,,,,,,,,,,,,,,,,,,,,,,,,,,,,,,,,,,,,,,,,,,,,,,,,,,,,,,,,,,,,,,,0,,,,,,,,,,0,,
E000063_20160411_Hatteras_Financial_Corp__Annaly_Capital_Management_Inc,Hatteras Financial Corp,REVIEW,implausible_cash_vs_stock_term_gap,REVIEW,STOCK,15.9,8.64,9.07,-38.53,42.96,mean,42.96,25.0,25.0,0.0,9.77,-36.92,-45.47,100.0,8.64,45.68,42.96,25.0,0.0,0.8527,0.1113,0.0359,external_outcome_probabilities_explicit_three_state,-25.0,-35.0,11.92,10.34,LONG_ACQUIRER,0.643,0.88,0.643,0.0,completed,completed_status_no_realized_f_cash,45.68,not_evaluated,,,,,,,,,,,,,,,,,,,,,,,,,,,,,,,,,,,,,,,,,,,,,,,,,,,,,,,,,,,,,,,,,,,,,,0,,,,,,,,,,0,,
E000040_20170504_Capital_Bank_Financial_Corp__First_Horizon_Corp,Capital Bank Financial Cor,REVIEW,implausible_cash_vs_stock_term_gap,REVIEW,STOCK,38.95,23.56,24.22,-16.17,37.82,mean,37.82,25.0,25.0,0.0,32.65,-17.81,-39.08,64.71,23.56,39.5,37.82,25.0,0.0,0.8573,0.1067,0.0359,external_outcome_probabilities_explicit_three_state,-25.0,-35.0,29.21,25.32,LONG_ACQUIRER,1.087,1.717,1.087,0.0,completed,completed_status_no_realized_f_cash,39.5,not_evaluated,,,,,,,,,,,,,,,,,,,,,,,,,,,,,,,,,,,,,,,,,,,,,,,,,,,,,,,,,,,,,,,,,,,,,,0,,,,,,,,,,0,,
E000048_20071207_Rovi_Guides_Inc__Rovi_Corp,Rovi Guides Inc,REVIEW,implausible_cash_vs_stock_term_gap,REVIEW,CASH,4.45,6.2,5.75,39.31,29.18,mean,29.18,-25.0,-27.3,15.2,6.2,29.18,-25.0,15.2,5.68,-27.73,-19.33,-27.73,84.69,0.8476,0.118,0.0344,external_outcome_probabilities_explicit_three_state,-25.0,-35.0,3.34,2.89,SHORT_ACQUIRER,0.025,0.025,0.112,0.0,completed,completed_status_no_realized_f_cash,,not_evaluated,,,,,,,,,,,,,,,,,,,,,,,,,,,,,,,,,,,,,,,,,,,,,,,,,,,,,,,,,,,,,,,,,,,,,,0,,,,,,,,,,0,,
E000042_20140113_Foster_Wheeler_AG__Amec_Foster_Wheeler_Ltd,Foster Wheeler AG,REVIEW,implausible_cash_vs_stock_term_gap,REVIEW,STOCK,30.83,21.87,21.95,-18.02,28.79,mean,28.79,25.0,25.0,0.0,25.27,-19.88,-35.0,100.0,21.87,29.06,28.79,25.0,0.0,0.8064,0.1418,0.0517,external_outcome_probabilities_explicit_three_state,-25.0,-35.0,23.12,20.04,LONG_ACQUIRER,0.45,0.711,0.45,0.0,completed,realized_f_cash,29.06,not_evaluated,,,,,,,,,,,,,,,,,,,,,,,,,,,,,,,,,,,,,,,,,,,,,,,,,,,,,,,,,,,,,,,,,,,,,,0,,,,,,,,,,0,,
E000238_20070201_ICNB_Financial_Corp__Firstbank_Corp,ICNB Financial Corp,REVIEW,abs_completion_or_election_return_above_30pct,REVIEW,CASH,22.8,31.4,29.24,37.72,28.27,mean,28.27,-25.0,-27.44,14.51,31.4,28.27,-25.0,14.51,31.12,-36.5,-27.18,-36.5,85.41,0.8581,0.1077,0.0343,external_outcome_probabilities_explicit_three_state,-25.0,-35.0,17.1,14.82,SHORT_ACQUIRER,0.186,0.186,0.704,0.0,completed,completed_status_no_realized_f_cash,,not_evaluated,,,,,,,,,,,,,,,,,,,,,,,,,,,,,,,,,,,,,,,,,,,,,,,,,,,,,,,,,,,,,,,,,,,,,,0,,,,,,,,,,0,,
E000075_20200806_Sirius_International_Insurance_Group_Ltd__SiriusPoint_Ltd,Sirius International Insur,REVERSE,risk_adjusted_return_positive,SHORT_TARGET_PASSIVE,CASH,10.93,8.04,7.85,-16.53,28.16,mean,28.16,26.46,26.46,0.0,9.12,-19.84,-37.1,100.0,8.04,26.46,28.16,26.46,0.0,0.838,0.1143,0.0477,external_outcome_probabilities_explicit_three_state,-37.1,-37.1,6.88,6.88,LONG_ACQUIRER,0.371,0.096,0.371,3.0,completed,completed_status_no_realized_f_cash,26.46,ok,short_target_borrow_from_inactive_sell_to_noisy_buyers,noisy_buyer_demand,passive_inactive_lenders:1.00,noisy_buyer_demand,35214939.637,0.4591,3221860.9,noisy_buyer_demand,passive_inactive_lenders:1.00,,,0.5,0.2,3221860.9,35214939.637,0.4591,28.1624,26.4613,0.0,9917379.9009,-0.1377,42.155,26.4613,9318346.6415,26.4613,9318346.6415,noisy_buyer_demand,passive_inactive_lenders:1.00,,,0.5,0.2,3221860.9,35214939.637,0.4591,28.1624,26.4613,0.0,9917379.9009,-0.1377,42.155,26.4613,9318346.6415,26.4613,9318346.6415,3221860.9,35214939.637,0.4591,0.4591,3221860.9,701783000.0,13.3814,10.0,11.5449,76.6186,0.2,rolling_structural_fit,31.0,0.2,0.1,,,0.0,,0.2,0.5,,-0.1377,42.155,0,28.1624,26.4613,0.0,0.0,26.4613,26.4613,9318346.6415,26.4613,9318346.6415,0,,not_possible_for_reverse_under_fixed_pool_passive_blended_settlement
E000278_20090421_Endocare_Inc__HealthTronics_Inc,Endocare Inc,REVIEW,abs_completion_or_election_return_above_30pct,REVIEW,CASH,0.97,1.31,1.22,35.37,26.15,mean,26.15,-28.87,-30.38,14.06,1.31,26.15,-28.87,14.06,1.21,-24.82,-16.99,-24.82,85.82,0.8589,0.1068,0.0343,external_outcome_probabilities_explicit_three_state,-28.87,-35.0,0.69,0.63,SHORT_ACQUIRER,0.103,0.103,0.388,0.0,completed,completed_status_no_realized_f_cash,,not_evaluated,,,,,,,,,,,,,,,,,,,,,,,,,,,,,,,,,,,,,,,,,,,,,,,,,,,,,,,,,,,,,,,,,,,,,,0,,,,,,,,,,0,,
E000014_20110616_Southern_Union_Co__Energy_Transfer_LP,Southern Union Co,REVIEW,abs_completion_or_election_return_above_30pct,REVIEW,STOCK,33.7,45.54,42.29,35.15,25.49,mean,25.49,-25.0,-27.24,15.48,45.54,25.49,-25.0,15.48,44.98,-33.48,-24.08,-33.48,84.58,0.846,0.119,0.0351,external_outcome_probabilities_explicit_three_state,-25.0,-35.0,25.28,21.9,SHORT_ACQUIRER,0.708,0.708,0.4,0.0,completed,realized_f_cash,36.03,not_evaluated,,,,,,,,,,,,,,,,,,,,,,,,,,,,,,,,,,,,,,,,,,,,,,,,,,,,,,,,,,,,,,,,,,,,,,0,,,,,,,,,,0,,
E000026_20180502_MTGE_Investment_Corp__Annaly_Capital_Management_Inc,MTGE Investment Corp,REVIEW,implausible_cash_vs_stock_term_gap,REVIEW,CASH,19.75,14.8,14.73,-7.13,25.42,mean,25.42,25.0,25.0,0.0,18.34,-10.21,-25.0,100.0,14.8,25.05,25.42,25.0,0.0,0.8504,0.1116,0.038,external_outcome_probabilities_explicit_three_state,-25.0,-35.0,14.81,12.84,LONG_ACQUIRER,0.476,0.128,0.476,0.0,completed,realized_f_cash,25.05,not_evaluated,,,,,,,,,,,,,,,,,,,,,,,,,,,,,,,,,,,,,,,,,,,,,,,,,,,,,,,,,,,,,,,,,,,,,,0,,,,,,,,,,0,,
E000051_20140312_EPL_Oil___Gas_Inc__Energy_XXI_Ltd,EPL Oil & Gas Inc,REVIEW,implausible_cash_vs_stock_term_gap,REVIEW,CASH,38.07,29.93,29.57,-1.69,22.34,mean,22.34,21.37,21.37,0.0,37.43,-5.68,-25.0,38.15,29.93,21.37,22.34,21.37,0.0,0.8427,0.1206,0.0368,external_outcome_probabilities_explicit_three_state,-25.0,-35.0,28.55,24.75,LONG_ACQUIRER,0.204,0.035,0.204,0.0,completed,realized_f_cash,21.37,not_evaluated,,,,,,,,,,,,,,,,,,,,,,,,,,,,,,,,,,,,,,,,,,,,,,,,,,,,,,,,,,,,,,,,,,,,,,0,,,,,,,,,,0,,
E000041_20181009_Antero_Midstream_Partners_LP__Antero_Midstream_Corp,Antero Midstream Partners ,REVIEW,implausible_cash_vs_stock_term_gap,REVIEW,STOCK,32.72,43.05,39.91,31.56,21.97,mean,21.97,-25.0,-27.51,38.95,43.05,21.97,-25.0,38.95,28.46,13.03,15.36,13.03,0.0,0.8398,0.119,0.0412,external_outcome_probabilities_explicit_three_state,-25.0,-35.0,24.54,21.27,SHORT_ACQUIRER,1.294,1.294,0.818,0.0,completed,realized_f_cash,8.55,not_evaluated,,,,,,,,,,,,,,,,,,,,,,,,,,,,,,,,,,,,,,,,,,,,,,,,,,,,,,,,,,,,,,,,,,,,,,0,,,,,,,,,,0,,
E000145_20070516_East_Penn_Financial_Corp__Harleysville_National_Corp,East Penn Financial Corp,REVIEW,implausible_cash_vs_stock_term_gap,REVIEW,CASH,13.52,11.14,10.66,2.08,21.15,mean,21.15,17.61,17.61,0.0,13.8,-4.06,-41.86,37.59,11.14,17.61,21.15,17.61,0.0,0.8574,0.1083,0.0343,external_outcome_probabilities_explicit_three_state,-41.86,-41.86,7.86,7.86,LONG_ACQUIRER,0.151,0.031,0.151,0.0,completed,completed_status_no_realized_f_cash,17.61,not_evaluated,,,,,,,,,,,,,,,,,,,,,,,,,,,,,,,,,,,,,,,,,,,,,,,,,,,,,,,,,,,,,,,,,,,,,,0,,,,,,,,,,0,,
E000092_20100419_GEO_Reentry_Inc__GEO_Group_Inc_The,GEO Reentry Inc,REVIEW,implausible_cash_vs_stock_term_gap,REVIEW,STOCK,28.24,22.99,22.33,-3.36,20.93,mean,20.93,18.6,18.6,0.0,27.29,-7.83,-33.75,42.19,22.99,18.6,20.93,18.6,0.0,0.8516,0.1139,0.0345,external_outcome_probabilities_explicit_three_state,-33.75,-35.0,18.71,18.36,LONG_ACQUIRER,1.04,1.244,1.04,0.0,completed,completed_status_no_realized_f_cash,18.6,not_evaluated,,,,,,,,,,,,,,,,,,,,,,,,,,,,,,,,,,,,,,,,,,,,,,,,,,,,,,,,,,,,,,,,,,,,,,0,,,,,,,,,,0,,
E000093_20130909_MTR_Gaming_Group_Inc__Caesars_Entertainment_Inc,MTR Gaming Group Inc,PASS_P05,best_candidate_p05_below_floor,PASS,CASH,4.69,5.83,5.48,24.35,16.81,mean,16.81,-25.0,-27.31,14.62,5.83,16.81,-25.0,14.62,5.2,-10.87,-5.26,-10.87,85.32,0.8532,0.112,0.0348,external_outcome_probabilities_explicit_three_state,-25.0,-35.0,3.52,3.05,SHORT_ACQUIRER,0.128,0.128,0.5,0.0,completed,realized_f_cash,14.64,not_evaluated,,,,,,,,,,,,,,,,,,,,,,,,,,,,,,,,,,,,,,,,,,,,,,,,,,,,,,,,,,,,,,,,,,,,,,0,,,,,,,,,,0,,
E000091_20070923_C-COR_Inc_Old__ARRIS_Group_Inc,C-COR Inc/Old,PASS_P05,best_candidate_p05_below_floor,PASS,CASH,11.49,13.5,12.72,17.49,10.71,mean,10.71,-25.0,-27.27,15.09,13.5,10.71,-25.0,15.09,12.81,-11.49,-5.52,-11.49,84.64,0.85,0.1156,0.0343,external_outcome_probabilities_explicit_three_state,-25.0,-35.0,8.62,7.47,SHORT_ACQUIRER,0.131,0.131,0.492,0.0,completed,completed_status_no_realized_f_cash,,not_evaluated,,,,,,,,,,,,,,,,,,,,,,,,,,,,,,,,,,,,,,,,,,,,,,,,,,,,,,,,,,,,,,,,,,,,,,0,,,,,,,,,,0,,
E000259_20120503_Alliance_Bankshares_Corp__WashingtonFirst_Bankshares_Inc,Alliance Bankshares Corp,ENTER,risk_adjusted_return_positive,LONG_TARGET_ELECTION,CASH,4.5,5.26,4.98,16.99,10.62,mean,10.62,-25.0,-27.63,14.27,5.26,10.62,-25.0,14.27,5.23,-16.2,-10.3,-16.2,86.52,0.8598,0.1058,0.0344,external_outcome_probabilities_explicit_three_state,-25.0,-35.0,3.38,2.92,SHORT_ACQUIRER,0.177,0.177,0.355,0.38,completed,realized_f_cash,17.78,ok,long_target_buy_from_noisy_then_ev_sensitive_then_passive,source_supply,noisy_sellers:0.95|passive_inactive:0.05,source_supply,4288.275,0.0186,952.95,source_supply,noisy_sellers:0.95|passive_inactive:0.05,0.2949,1.0,,,952.95,4288.275,0.0186,10.6893,-25.0,14.15,458.385,0.0131,43.3665,17.7778,762.36,17.7765,762.3044,source_supply,noisy_sellers:0.95|passive_inactive:0.05,0.2949,1.0,,,952.95,4288.275,0.0186,10.6893,-25.0,14.15,458.385,0.0131,43.3665,17.7778,762.36,17.7765,762.3044,952.95,4288.275,0.0186,0.0186,903.95,5110000.0,0.0959,0.0,0.0,99.9041,0.3,rolling_structural_fit,32.0,0.3,0.0,,,0.0,0.2949,,,1.0,0.0131,43.3665,1,10.6893,-25.0,14.15,-0.0695,17.7765,17.7778,762.36,17.7765,762.3044,0,,not_within_100pct_target_shares_under_current_terms_and_gates
E000151_20120531_Beacon_Federal_Bancorp_Inc__Beacon_Financial_Corp,Beacon Federal Bancorp Inc,PASS_P05,best_candidate_p05_below_floor,PASS,STOCK,19.2,24.55,21.15,27.86,10.16,mean,10.16,-35.0,-35.0,30.25,24.55,10.16,-35.0,30.25,23.06,-20.11,-4.21,-20.11,68.66,0.6933,0.2293,0.0774,external_outcome_probabilities_explicit_three_state,-29.17,-35.0,13.6,12.48,SHORT_ACQUIRER,0.727,0.727,0.46,0.0,completed,completed_status_no_realized_f_cash,,not_evaluated,,,,,,,,,,,,,,,,,,,,,,,,,,,,,,,,,,,,,,,,,,,,,,,,,,,,,,,,,,,,,,,,,,,,,,0,,,,,,,,,,0,,
E000083_20120723_GeoEye_Inc__DigitalGlobe_Inc,GeoEye Inc,REVERSE,risk_adjusted_return_positive,SHORT_TARGET_PASSIVE,STOCK,24.68,23.43,22.22,2.33,9.97,mean,9.97,5.06,5.06,0.0,25.25,-3.38,-37.72,50.16,23.43,5.06,9.97,5.06,0.0,0.8523,0.1129,0.0347,external_outcome_probabilities_explicit_three_state,-37.72,-37.72,15.37,15.37,LONG_ACQUIRER,0.713,1.124,0.713,3.0,completed,completed_status_no_realized_f_cash,5.06,ok,short_target_borrow_from_inactive_sell_to_noisy_buyers,noisy_buyer_demand,passive_inactive_lenders:0.67|noisy_inactive_lenders:0.33,noisy_buyer_demand,11773587.83,2.1192,477049.75,noisy_buyer_demand,passive_inactive_lenders:0.67|noisy_inactive_lenders:0.33,,,0.4336,0.3,477049.75,11773587.83,2.1192,9.9725,5.0638,0.0,1174117.5043,-0.2831,42.2224,5.0638,596192.9251,5.0638,596192.9251,noisy_buyer_demand,passive_inactive_lenders:0.67|noisy_inactive_lenders:0.33,,,0.4336,0.3,477049.75,11773587.83,2.1192,9.9725,5.0638,0.0,1174117.5043,-0.2831,42.2224,5.0638,596192.9251,5.0638,596192.9251,477049.75,11773587.83,2.1192,2.1192,477049.75,22511000.0,7.0786,0.0,0.0,92.9214,0.3,rolling_structural_fit,34.0,0.3,0.0,,,0.0,,0.3,0.4336,,-0.2831,42.2224,0,9.9725,5.0638,0.0,0.0,5.0638,5.0638,596192.9251,5.0638,596192.9251,0,,not_possible_for_reverse_under_fixed_pool_passive_blended_settlement
E000170_20080910_American_Community_Bancshares_Inc__Yadkin_Financial_Corp,American Community Bancsha,REVIEW,implausible_cash_vs_stock_term_gap,REVIEW,CASH,9.86,11.46,10.77,16.21,9.19,mean,9.19,-29.01,-30.41,15.02,11.46,9.19,-29.01,15.02,10.57,-7.17,-1.44,-7.17,84.75,0.8508,0.1148,0.0344,external_outcome_probabilities_explicit_three_state,-29.01,-35.0,7.0,6.41,SHORT_ACQUIRER,0.343,0.343,0.686,0.0,completed,completed_status_no_realized_f_cash,,not_evaluated,,,,,,,,,,,,,,,,,,,,,,,,,,,,,,,,,,,,,,,,,,,,,,,,,,,,,,,,,,,,,,,,,,,,,,0,,,,,,,,,,0,,
E000012_20131023_Cole_Real_Estate_Investment_Inc__VEREIT_Inc,Cole Real Estate Investmen,PASS_LOSS_PROB,best_candidate_loss_probability_above_ceiling,PASS,STOCK,14.5,14.72,13.41,2.7,7.53,mean,7.53,-1.49,-1.49,69.28,14.89,-6.94,-35.0,31.43,14.72,-1.49,7.53,-1.49,69.28,0.6911,0.2199,0.089,external_outcome_probabilities_explicit_three_state,-25.0,-35.0,10.88,9.43,LONG_ACQUIRER,0.874,1.046,0.874,0.0,completed,realized_f_cash,-1.49,not_evaluated,,,,,,,,,,,,,,,,,,,,,,,,,,,,,,,,,,,,,,,,,,,,,,,,,,,,,,,,,,,,,,,,,,,,,,0,,,,,,,,,,0,,
E000050_20140917_Auxilium_Pharmaceuticals_LLC__Endo_International_PLC,"Auxilium Pharmaceuticals, ",PASS_LOSS_PROB,best_candidate_loss_probability_above_ceiling,PASS,CASH,31.18,32.77,28.85,6.23,7.47,mean,7.47,-5.09,-5.09,68.95,33.12,-6.73,-35.38,31.13,32.77,-5.09,7.47,-5.09,68.95,0.6882,0.2097,0.1021,external_outcome_probabilities_explicit_three_state,-35.38,-35.38,20.15,20.15,LONG_ACQUIRER,0.244,0.065,0.244,0.0,completed,realized_f_cash,-5.09,not_evaluated,,,,,,,,,,,,,,,,,,,,,,,,,,,,,,,,,,,,,,,,,,,,,,,,,,,,,,,,,,,,,,,,,,,,,,0,,,,,,,,,,0,,
E000196_20221019_HV_Bancorp_Inc__Citizens_Financial_Services_Inc,HV Bancorp Inc,PASS_P05,best_candidate_p05_below_floor,PASS,CASH,25.48,28.82,27.38,13.1,7.46,mean,7.46,-25.0,-27.56,13.81,28.82,7.46,-25.0,13.81,27.08,-6.28,-1.49,-6.28,85.9,0.8621,0.1021,0.0358,external_outcome_probabilities_explicit_three_state,-25.0,-35.0,19.11,16.56,SHORT_ACQUIRER,0.157,0.157,0.32,0.0,completed,realized_f_cash,10.55,not_evaluated,,,,,,,,,,,,,,,,,,,,,,,,,,,,,,,,,,,,,,,,,,,,,,,,,,,,,,,,,,,,,,,,,,,,,,0,,,,,,,,,,0,,
E000078_20201005_Eidos_Therapeutics_Inc__Bridgebio_Pharma_Inc,Eidos Therapeutics Inc,REVERSE,risk_adjusted_return_positive,SHORT_TARGET_PASSIVE,STOCK,74.75,73.51,69.23,-1.47,7.38,mean,7.38,1.66,1.66,0.0,73.65,-6.92,-41.08,100.0,73.51,1.66,7.38,1.66,0.0,0.8594,0.1042,0.0364,external_outcome_probabilities_explicit_three_state,-41.08,-41.08,44.04,44.04,LONG_ACQUIRER,0.925,1.461,0.925,3.0,completed,completed_status_no_realized_f_cash,1.66,ok,short_target_borrow_from_inactive_sell_to_noisy_buyers,noisy_buyer_demand,passive_inactive_lenders:1.00,noisy_buyer_demand,17189831.425,0.5959,229964.3,noisy_buyer_demand,passive_inactive_lenders:1.00,,,0.0,0.2,229964.3,17189831.425,0.5959,7.3836,1.6592,0.0,1269232.2335,0.1192,42.8993,1.6592,285213.2231,1.6592,285213.2231,noisy_buyer_demand,passive_inactive_lenders:1.00,,,0.0,0.2,229964.3,17189831.425,0.5959,7.3836,1.6592,0.0,1269232.2335,0.1192,42.8993,1.6592,285213.2231,1.6592,285213.2231,229964.3,17189831.425,0.5959,0.5959,229964.3,38592000.0,4.2614,10.0,10.4451,85.7386,0.2,rolling_structural_fit,31.0,0.2,0.1,17.1477,stock,0.0,,0.2,0.0,,0.1192,42.8993,0,7.3836,1.6592,0.0,0.0,1.6592,1.6592,285213.2231,1.6592,285213.2231,0,,not_possible_for_reverse_under_fixed_pool_passive_blended_settlement
E000037_20090420_PepsiAmericas_Inc__PepsiCo_Inc,PepsiAmericas Inc,ENTER,risk_adjusted_return_positive,LONG_TARGET_ELECTION,CASH,24.66,27.99,26.47,13.49,7.33,mean,7.33,-25.0,-27.23,15.13,27.99,7.33,-25.0,15.13,26.58,-7.79,-2.55,-7.79,85.05,0.8474,0.1181,0.0345,external_outcome_probabilities_explicit_three_state,-25.0,-35.0,18.5,16.03,SHORT_ACQUIRER,0.067,0.067,0.251,0.27,completed,realized_f_cash,15.57,ok,long_target_buy_from_noisy_then_ev_sensitive_then_passive,source_supply,noisy_sellers:0.96|passive_inactive:0.04,source_supply,18515498.1318,0.6011,750831.23,source_supply,noisy_sellers:0.96|passive_inactive:0.04,0.3077,1.0,,,750831.23,18515498.1318,0.6011,7.3718,-25.0,14.955,1364925.1796,0.4162,43.8552,15.5718,2883191.9232,15.5718,2883191.9232,source_supply,noisy_sellers:0.96|passive_inactive:0.04,0.3077,1.0,,,750831.23,18515498.1318,0.6011,7.3718,-25.0,14.955,1364925.1796,0.4162,43.8552,15.5718,2883191.9232,15.5718,2883191.9232,750831.23,18515498.1318,0.6011,0.6011,722075.0,124900000.0,2.3023,0.0,0.0,97.6977,0.3,rolling_structural_fit,18.0,0.3,0.0,30.4605,cash,0.0,0.3077,,,1.0,0.4162,43.8552,1,7.3718,-25.0,14.955,-0.0452,15.5718,15.5718,2883191.9232,15.5718,2883191.9232,0,,not_within_100pct_target_shares_under_current_terms_and_gates
E000249_20240307_Superior_Drilling_Products_Inc__Drilling_Tools_International_Corp,Superior Drilling Products,ENTER,risk_adjusted_return_positive,LONG_TARGET_ELECTION,CASH,0.88,0.99,0.94,12.8,7.21,mean,7.21,-25.0,-27.63,13.83,0.99,7.21,-25.0,13.83,0.96,-9.39,-4.21,-9.39,85.97,0.8597,0.1035,0.0369,external_outcome_probabilities_explicit_three_state,-25.0,-35.0,0.66,0.57,SHORT_ACQUIRER,0.041,0.041,0.157,0.26,completed,realized_f_cash,14.03,ok,long_target_buy_from_noisy_then_ev_sensitive_then_passive,source_supply,noisy_sellers:0.96|passive_inactive:0.04,source_supply,114338.5944,0.429,130374.68,source_supply,noisy_sellers:0.96|passive_inactive:0.04,0.2126,1.0,,,130374.68,114338.5944,0.429,6.8622,-25.0,14.595,7846.1572,0.3378,43.2142,14.0251,16036.0856,14.0251,16036.0856,source_supply,noisy_sellers:0.96|passive_inactive:0.04,0.2126,1.0,,,130374.68,114338.5944,0.429,6.8622,-25.0,14.595,7846.1572,0.3378,43.2142,14.0251,16036.0856,14.0251,16036.0856,130374.68,114338.5944,0.429,0.429,124903.8,30391000.0,1.8002,20.0,20.3666,78.1998,0.2,rolling_structural_fit,32.0,0.2,0.2,36.54,cash,0.0,0.2126,,,1.0,0.3378,43.2142,1,6.8622,-25.0,14.595,0.3481,14.0251,14.0251,16036.0856,14.0251,16036.0856,0,,not_within_100pct_target_shares_under_current_terms_and_gates
E000122_20070720_Oak_Hill_Financial_Inc__WesBanco_Inc,Oak Hill Financial Inc,ENTER,risk_adjusted_return_positive,LONG_TARGET_ELECTION,CASH,29.54,33.3,31.6,12.72,6.97,mean,6.97,-25.0,-27.37,14.44,33.3,6.97,-25.0,14.44,30.42,-2.98,1.38,-2.98,85.62,0.8571,0.1086,0.0343,external_outcome_probabilities_explicit_three_state,-25.0,-35.0,22.16,19.2,SHORT_ACQUIRER,0.701,0.701,1.13,0.25,completed,realized_f_cash,4.49,ok,long_target_buy_from_noisy_then_ev_sensitive_then_passive,source_supply,noisy_sellers:1.00,source_supply,635247.361,0.4023,21504.65,source_supply,noisy_sellers:1.00,0.3,1.0,,,21504.65,635247.361,0.4023,6.8616,-25.0,14.51,43587.9522,0.2816,42.6848,4.493,28541.6874,4.4743,28422.8326,source_supply,noisy_sellers:1.00,0.3,1.0,,,21504.65,635247.361,0.4023,6.8616,-25.0,14.51,43587.9522,0.2816,42.6848,4.493,28541.6874,4.4743,28422.8326,21504.65,635247.361,0.4023,0.4023,21504.65,5346000.0,0.0,40.0,40.0,60.0,0.3,rolling_structural_fit,9.0,0.3,0.4,58.0,cash,0.0,0.3,,,1.0,0.2816,42.6848,1,6.8616,-25.0,14.51,0.1105,4.4743,4.493,28541.6874,4.4743,28422.8326,1,59.0,pure_noisy_counterparty_self_impact_hits_risk_adjusted_return_below_hurdle
E000174_20141113_Foster_Wheeler_AG__Amec_Foster_Wheeler_Ltd,Foster Wheeler AG,REVERSE,risk_adjusted_return_positive,SHORT_TARGET_PASSIVE,CASH,30.24,29.6,28.22,3.81,6.67,mean,6.67,2.1,2.1,0.0,31.39,-1.81,-25.0,32.82,29.6,2.1,6.67,2.1,0.0,0.824,0.1336,0.0424,external_outcome_probabilities_explicit_three_state,-25.0,-35.0,22.68,19.66,LONG_ACQUIRER,0.45,0.114,0.45,3.0,completed,realized_f_cash,2.1,ok,short_target_borrow_from_inactive_sell_to_noisy_buyers,noisy_buyer_demand,passive_inactive_lenders:1.00,noisy_buyer_demand,26689580.568,0.8815,882591.95,noisy_buyer_demand,passive_inactive_lenders:1.00,,,0.5,0.4,882591.95,26689580.568,0.8815,6.6678,2.0999,0.0,1779614.9604,-0.0881,42.0213,2.0999,560467.0705,2.0999,560467.0705,noisy_buyer_demand,passive_inactive_lenders:1.00,,,0.5,0.4,882591.95,26689580.568,0.8815,6.6678,2.0999,0.0,1779614.9604,-0.0881,42.0213,2.0999,560467.0705,2.0999,560467.0705,882591.95,26689580.568,0.8815,0.8815,882591.95,100127000.0,7.3322,0.0,0.0,92.6678,0.4,rolling_structural_fit,28.0,0.4,0.0,,,0.0,,0.4,0.5,,-0.0881,42.0213,0,6.6678,2.0999,0.0,0.0,2.0999,2.0999,560467.0705,2.0999,560467.0705,0,,not_possible_for_reverse_under_fixed_pool_passive_blended_settlement
E000163_20070627_Web.com_Holding_Co_Inc__Web.com_Group_Inc,Web.com Holding Co Inc (We,PASS_LOSS_PROB,best_candidate_loss_probability_above_ceiling,PASS,STOCK,6.45,6.58,6.03,2.5,6.57,mean,6.57,-2.0,-2.0,69.84,6.61,-6.29,-25.0,30.38,6.58,-2.0,6.57,-2.0,69.84,0.6959,0.2605,0.0436,external_outcome_probabilities_explicit_three_state,-25.0,-35.0,4.84,4.19,LONG_ACQUIRER,0.344,0.542,0.344,0.0,completed,completed_status_no_realized_f_cash,-2.0,not_evaluated,,,,,,,,,,,,,,,,,,,,,,,,,,,,,,,,,,,,,,,,,,,,,,,,,,,,,,,,,,,,,,,,,,,,,,0,,,,,,,,,,0,,
E000072_20070214_TALX_Corp__Equifax_Inc,TALX Corp,REVERSE,risk_adjusted_return_positive,SHORT_TARGET_PASSIVE,CASH,35.75,34.91,33.56,-1.43,6.12,mean,6.12,2.35,2.35,0.0,35.24,-5.31,-25.0,100.0,34.91,2.35,6.12,2.35,0.0,0.849,0.1167,0.0343,external_outcome_probabilities_explicit_three_state,-25.0,-35.0,26.81,23.24,LONG_ACQUIRER,0.646,0.287,0.646,3.0,completed,completed_status_no_realized_f_cash,2.35,ok,short_target_borrow_from_inactive_sell_to_noisy_buyers,noisy_buyer_demand,passive_inactive_lenders:0.00|noisy_inactive_lenders:1.00,noisy_buyer_demand,10059587.0375,0.8937,281387.05,noisy_buyer_demand,passive_inactive_lenders:0.00|noisy_inactive_lenders:1.00,,,0.4988,0.5,281387.05,10059587.0375,0.8937,6.1157,2.3451,0.0,615209.4521,0.001,42.7813,2.3451,235903.6472,2.3451,235903.6472,noisy_buyer_demand,passive_inactive_lenders:0.00|noisy_inactive_lenders:1.00,,,0.4988,0.5,281387.05,10059587.0375,0.8937,6.1157,2.3451,0.0,615209.4521,0.001,42.7813,2.3451,235903.6472,2.3451,235903.6472,281387.05,10059587.0375,0.8937,0.8937,281387.05,31487000.0,0.0208,30.0,30.0062,69.9792,0.5,rolling_structural_default,0.0,0.5,0.3,35.0,stock,0.0,,0.5,0.4988,,0.001,42.7813,0,6.1157,2.3451,0.0,0.0,2.3451,2.3451,235903.6472,2.3451,235903.6472,0,,not_possible_for_reverse_under_fixed_pool_passive_blended_settlement
E000028_20190402_AmeriGas_Partners_LP__UGI_Corp,AmeriGas Partners LP,REVERSE,risk_adjusted_return_positive,SHORT_TARGET_PASSIVE,CASH,35.27,34.57,33.21,-0.41,5.85,mean,5.85,1.98,1.98,0.0,35.13,-4.49,-25.0,48.68,34.57,1.98,5.85,1.98,0.0,0.8505,0.1108,0.0387,external_outcome_probabilities_explicit_three_state,-25.0,-35.0,26.45,22.93,LONG_ACQUIRER,0.319,0.084,0.319,3.0,completed,completed_status_no_realized_f_cash,1.98,ok,short_target_borrow_from_inactive_sell_to_noisy_buyers,noisy_buyer_demand,passive_inactive_lenders:0.56|noisy_inactive_lenders:0.44,noisy_buyer_demand,25072300.252,0.7645,710867.6,noisy_buyer_demand,passive_inactive_lenders:0.56|noisy_inactive_lenders:0.44,,,0.3681,0.2,710867.6,25072300.252,0.7645,5.8498,1.9831,0.0,1466677.2749,-0.1285,42.5695,1.9831,497196.4385,1.9831,497196.4385,noisy_buyer_demand,passive_inactive_lenders:0.56|noisy_inactive_lenders:0.44,,,0.3681,0.2,710867.6,25072300.252,0.7645,5.8498,1.9831,0.0,1466677.2749,-0.1285,42.5695,1.9831,497196.4385,1.9831,497196.4385,710867.6,25072300.252,0.7645,0.7645,710867.6,92987000.0,2.1422,10.0,10.2189,87.8578,0.2,rolling_structural_fit,30.0,0.2,0.1,28.6426,cash,0.0,,0.2,0.3681,,-0.1285,42.5695,0,5.8498,1.9831,0.0,0.0,1.9831,1.9831,497196.4385,1.9831,497196.4385,0,,not_possible_for_reverse_under_fixed_pool_passive_blended_settlement
E000046_20140321_LIN_Media_LLC__Media_General_Inc,LIN Media LLC,REVERSE,risk_adjusted_return_positive,SHORT_TARGET_PASSIVE,CASH,26.48,25.93,24.93,-1.97,5.85,mean,5.85,2.09,2.09,0.0,25.96,-5.78,-25.0,100.0,25.93,2.09,5.85,2.09,0.0,0.8512,0.1134,0.0354,external_outcome_probabilities_explicit_three_state,-25.0,-35.0,19.86,17.21,LONG_ACQUIRER,0.736,0.194,0.736,3.0,completed,completed_status_no_realized_f_cash,2.09,ok,short_target_borrow_from_inactive_sell_to_noisy_buyers,noisy_buyer_demand,passive_inactive_lenders:0.08|noisy_inactive_lenders:0.92,noisy_buyer_demand,24945732.912,2.7723,942059.4,noisy_buyer_demand,passive_inactive_lenders:0.08|noisy_inactive_lenders:0.92,,,0.4081,0.4,942059.4,24945732.912,2.7723,5.8451,2.0923,0.0,1458109.6703,-0.0225,42.9109,2.0923,521935.7638,2.0923,521935.7638,noisy_buyer_demand,passive_inactive_lenders:0.08|noisy_inactive_lenders:0.92,,,0.4081,0.4,942059.4,24945732.912,2.7723,5.8451,2.0923,0.0,1458109.6703,-0.0225,42.9109,2.0923,521935.7638,2.0923,521935.7638,942059.4,24945732.912,2.7723,2.7723,942059.4,33981000.0,1.1257,0.0,0.0,98.8743,0.4,rolling_structural_fit,29.0,0.4,0.0,40.1126,exit,0.0,,0.4,0.4081,,-0.0225,42.9109,0,5.8451,2.0923,0.0,0.0,2.0923,2.0923,521935.7638,2.0923,521935.7638,0,,not_possible_for_reverse_under_fixed_pool_passive_blended_settlement
E000176_20160310_LaPorte_Bancorp_Inc__Horizon_Bancorp_Inc_IN,LaPorte Bancorp Inc,PASS_P05,best_candidate_p05_below_floor,PASS,CASH,15.2,16.84,16.03,10.79,5.47,mean,5.47,-25.0,-27.41,13.95,16.84,5.47,-25.0,13.95,15.68,-3.13,1.12,-3.13,86.17,0.8606,0.1046,0.0348,external_outcome_probabilities_explicit_three_state,-25.0,-35.0,11.4,9.88,SHORT_ACQUIRER,0.148,0.148,0.409,0.0,completed,completed_status_no_realized_f_cash,,not_evaluated,,,,,,,,,,,,,,,,,,,,,,,,,,,,,,,,,,,,,,,,,,,,,,,,,,,,,,,,,,,,,,,,,,,,,,0,,,,,,,,,,0,,
E000024_20161117_Western_Refining_Inc__Andeavor,Western Refining Inc,REVERSE,risk_adjusted_return_positive,SHORT_TARGET_PASSIVE,STOCK,37.92,37.63,35.93,-0.27,5.24,mean,5.24,0.77,0.77,0.0,37.82,-4.81,-29.4,63.65,37.63,0.77,5.24,0.77,0.0,0.8497,0.1135,0.0368,external_outcome_probabilities_explicit_three_state,-29.4,-35.0,26.77,24.65,LONG_ACQUIRER,0.217,0.343,0.217,3.0,completed,completed_status_no_realized_f_cash,0.77,ok,short_target_borrow_from_inactive_sell_to_noisy_buyers,noisy_buyer_demand,passive_inactive_lenders:0.51|noisy_inactive_lenders:0.49,noisy_buyer_demand,152907567.096,3.719,4032372.55,noisy_buyer_demand,passive_inactive_lenders:0.51|noisy_inactive_lenders:0.49,,,0.1474,0.3,4032372.55,152907567.096,3.719,5.2435,0.773,0.0,8017702.585,0.5677,43.1622,0.773,1181989.2037,0.773,1181989.2037,noisy_buyer_demand,passive_inactive_lenders:0.51|noisy_inactive_lenders:0.49,,,0.1474,0.3,4032372.55,152907567.096,3.719,5.2435,0.773,0.0,8017702.585,0.5677,43.1622,0.773,1181989.2037,0.773,1181989.2037,4032372.55,152907567.096,3.719,3.719,4032372.55,108425000.0,9.4609,10.0,11.045,80.5391,0.3,rolling_structural_fit,27.0,0.3,0.1,,,0.0,,0.3,0.1474,,0.5677,43.1622,0,5.2435,0.773,0.0,0.0,0.773,0.773,1181989.2037,0.773,1181989.2037,0,,not_possible_for_reverse_under_fixed_pool_passive_blended_settlement
E000038_20100415_Mariner_Energy_Inc__Apache_Corp,Mariner Energy Inc,PASS_LOSS_PROB,best_candidate_loss_probability_above_ceiling,PASS,STOCK,25.82,26.12,24.56,1.46,4.88,mean,4.88,-1.18,-1.18,85.12,26.2,-4.65,-39.58,14.88,26.12,-1.18,4.88,-1.18,85.12,0.848,0.1173,0.0347,external_outcome_probabilities_explicit_three_state,-39.58,-39.58,15.6,15.6,LONG_ACQUIRER,0.122,0.192,0.122,0.0,completed,completed_status_no_realized_f_cash,-1.18,not_evaluated,,,,,,,,,,,,,,,,,,,,,,,,,,,,,,,,,,,,,,,,,,,,,,,,,,,,,,,,,,,,,,,,,,,,,,0,,,,,,,,,,0,,
E000005_20160125_Johnson_Controls_Inc__Johnson_Controls_International_plc,Johnson Controls Inc,REVERSE,risk_adjusted_return_positive,SHORT_TARGET_PASSIVE,STOCK,35.01,34.95,33.31,-0.08,4.85,mean,4.85,0.19,0.19,0.0,34.98,-4.81,-25.0,65.46,34.95,0.19,4.85,0.19,0.0,0.8294,0.1262,0.0444,external_outcome_probabilities_explicit_three_state,-25.0,-35.0,26.26,22.76,LONG_ACQUIRER,0.5,0.795,0.5,3.0,completed,realized_f_cash,0.19,ok,short_target_borrow_from_inactive_sell_to_noisy_buyers,noisy_buyer_demand,passive_inactive_lenders:1.00,noisy_buyer_demand,210397582.1745,0.9275,6009642.45,noisy_buyer_demand,passive_inactive_lenders:1.00,,,0.0,0.4,6009642.45,210397582.1745,0.9275,4.8513,0.1857,0.0,10207062.0449,0.371,43.8964,0.1857,390626.7592,0.1857,390626.7592,noisy_buyer_demand,passive_inactive_lenders:1.00,,,0.0,0.4,6009642.45,210397582.1745,0.9275,4.8513,0.1857,0.0,10207062.0449,0.371,43.8964,0.1857,390626.7592,0.1857,390626.7592,6009642.45,210397582.1745,0.9275,0.9275,6009642.45,647908000.0,12.5307,0.0,0.0,87.4693,0.4,rolling_structural_fit,27.0,0.4,0.0,34.9877,cash,0.0,,0.4,0.0,,0.371,43.8964,0,4.8513,0.1857,0.0,0.0,0.1857,0.1857,390626.7592,0.1857,390626.7592,0,,not_possible_for_reverse_under_fixed_pool_passive_blended_settlement
E000191_20101012_Rome_Bancorp_Inc__Beacon_Financial_Corp,Rome Bancorp Inc,PASS_P05,best_candidate_p05_below_floor,PASS,STOCK,10.95,12.93,11.43,18.1,4.38,mean,4.38,-35.0,-35.0,30.43,12.93,4.38,-35.0,30.43,12.54,-14.48,-1.87,-14.48,69.56,0.6958,0.245,0.0592,external_outcome_probabilities_explicit_three_state,-25.0,-35.0,8.21,7.12,SHORT_ACQUIRER,0.518,0.518,0.396,0.0,completed,realized_f_cash,15.86,not_evaluated,,,,,,,,,,,,,,,,,,,,,,,,,,,,,,,,,,,,,,,,,,,,,,,,,,,,,,,,,,,,,,,,,,,,,,0,,,,,,,,,,0,,
E000212_20070827_Carolina_National_Corp__First_National_Bancshares_Inc_SC,Carolina National Corp,PASS_P05,best_candidate_p05_below_floor,PASS,CASH,19.25,21.14,20.08,9.82,4.29,mean,4.29,-27.79,-29.48,14.06,21.14,4.29,-27.79,14.06,20.36,-5.74,-0.61,-5.74,85.51,0.8579,0.1078,0.0343,external_outcome_probabilities_explicit_three_state,-27.79,-35.0,13.9,12.51,SHORT_ACQUIRER,0.405,0.405,1.027,0.0,completed,realized_f_cash,6.66,not_evaluated,,,,,,,,,,,,,,,,,,,,,,,,,,,,,,,,,,,,,,,,,,,,,,,,,,,,,,,,,,,,,,,,,,,,,,0,,,,,,,,,,0,,
E000119_20220524_PCSB_Financial_Corp__Brookline_Bancorp_Inc,PCSB Financial Corp,PASS_P05,best_candidate_p05_below_floor,PASS,CASH,19.59,21.39,20.39,9.19,4.07,mean,4.07,-25.0,-27.63,13.88,21.39,4.07,-25.0,13.88,20.09,-2.57,1.61,-2.57,86.12,0.8613,0.1025,0.0362,external_outcome_probabilities_explicit_three_state,-25.0,-35.0,14.69,12.73,SHORT_ACQUIRER,0.255,0.255,0.797,0.0,completed,realized_f_cash,3.6,not_evaluated,,,,,,,,,,,,,,,,,,,,,,,,,,,,,,,,,,,,,,,,,,,,,,,,,,,,,,,,,,,,,,,,,,,,,,0,,,,,,,,,,0,,
E000258_20111220_Commercefirst_Bancorp_Inc__Sandy_Spring_Bancorp_Inc,Commercefirst Bancorp Inc,PASS_P05,best_candidate_p05_below_floor,PASS,STOCK,12.8,14.16,13.32,10.61,4.05,mean,4.05,-36.52,-36.52,13.93,14.16,4.05,-36.52,13.93,13.95,-9.02,-2.69,-9.02,86.09,0.8595,0.1062,0.0343,external_outcome_probabilities_explicit_three_state,-36.52,-36.52,8.12,8.12,SHORT_ACQUIRER,0.633,0.633,0.402,0.0,completed,completed_status_no_realized_f_cash,,not_evaluated,,,,,,,,,,,,,,,,,,,,,,,,,,,,,,,,,,,,,,,,,,,,,,,,,,,,,,,,,,,,,,,,,,,,,,0,,,,,,,,,,0,,
E000121_20070129_Premier_Community_Bankshares_Inc__United_Bankshares_Inc_WV,Premier Community Bankshar,PASS_LOSS_PROB,best_candidate_loss_probability_above_ceiling,PASS,STOCK,33.38,34.12,32.06,2.41,3.97,mean,3.97,-2.21,-2.21,85.47,34.18,-3.59,-40.29,14.06,34.12,-2.21,3.97,-2.21,85.47,0.8571,0.1086,0.0343,external_outcome_probabilities_explicit_three_state,-40.29,-40.29,19.93,19.93,LONG_ACQUIRER,0.465,0.734,0.465,0.0,completed,completed_status_no_realized_f_cash,-2.21,not_evaluated,,,,,,,,,,,,,,,,,,,,,,,,,,,,,,,,,,,,,,,,,,,,,,,,,,,,,,,,,,,,,,,,,,,,,,0,,,,,,,,,,0,,
E000068_20181119_Resolute_Energy_Corp__Cimarex_Energy_Co,Resolute Energy Corp,REVERSE,risk_adjusted_return_positive,SHORT_TARGET_PASSIVE,CASH,33.62,33.59,32.29,3.0,3.96,mean,3.96,0.09,0.09,0.0,34.63,-1.39,-25.0,16.77,33.59,0.09,3.96,0.09,0.0,0.8536,0.1096,0.0367,external_outcome_probabilities_explicit_three_state,-25.0,-35.0,25.21,21.85,LONG_ACQUIRER,0.197,0.052,0.197,3.0,completed,completed_status_no_realized_f_cash,0.09,ok,short_target_borrow_from_inactive_sell_to_noisy_buyers,noisy_buyer_demand,passive_inactive_lenders:0.64|noisy_inactive_lenders:0.36,noisy_buyer_demand,28587165.007,3.6705,850302.35,noisy_buyer_demand,passive_inactive_lenders:0.64|noisy_inactive_lenders:0.36,,,0.3912,0.2,850302.35,28587165.007,3.6705,3.9573,0.0851,0.0,1131283.2752,-0.7018,42.1892,0.0851,24333.1023,0.0851,24333.1023,noisy_buyer_demand,passive_inactive_lenders:0.64|noisy_inactive_lenders:0.36,,,0.3912,0.2,850302.35,28587165.007,3.6705,3.9573,0.0851,0.0,1131283.2752,-0.7018,42.1892,0.0851,24333.1023,0.0851,24333.1023,850302.35,28587165.007,3.6705,3.6705,850302.35,23166000.0,11.6969,10.0,11.3246,78.3031,0.2,rolling_structural_fit,29.0,0.2,0.1,37.3576,cash,0.0,,0.2,0.3912,,-0.7018,42.1892,0,3.9573,0.0851,0.0,0.0,0.0851,0.0851,24333.1023,0.0851,24333.1023,0,,not_possible_for_reverse_under_fixed_pool_passive_blended_settlement
E000088_20160825_AEP_Industries_Inc__Berry_Global_Group_Inc,AEP Industries Inc,PASS_LOSS_PROB,best_candidate_loss_probability_above_ceiling,PASS,STOCK,110.79,111.69,106.42,1.69,3.94,mean,3.94,-0.81,-0.81,85.4,112.66,-3.21,-30.64,14.67,111.69,-0.81,3.94,-0.81,85.4,0.8543,0.1101,0.0356,external_outcome_probabilities_explicit_three_state,-30.64,-35.0,76.84,72.01,LONG_ACQUIRER,1.251,1.973,1.251,0.0,completed,completed_status_no_realized_f_cash,-0.81,not_evaluated,,,,,,,,,,,,,,,,,,,,,,,,,,,,,,,,,,,,,,,,,,,,,,,,,,,,,,,,,,,,,,,,,,,,,,0,,,,,,,,,,0,,
E000225_20120910_WSB_Holdings_Inc__Old_Line_Bancshares_Inc,WSB Holdings Inc,PASS_P05,best_candidate_p05_below_floor,PASS,CASH,5.33,6.01,5.54,12.71,3.9,mean,3.9,-49.75,-49.75,14.11,6.01,3.9,-49.75,14.11,5.87,-10.02,-1.61,-10.02,85.92,0.8596,0.106,0.0344,external_outcome_probabilities_explicit_three_state,-49.75,-49.75,2.68,2.68,SHORT_ACQUIRER,0.129,0.129,0.365,0.0,completed,completed_status_no_realized_f_cash,,not_evaluated,,,,,,,,,,,,,,,,,,,,,,,,,,,,,,,,,,,,,,,,,,,,,,,,,,,,,,,,,,,,,,,,,,,,,,0,,,,,,,,,,0,,
E000240_20130514_Mayflower_Bancorp_Inc__Independent_Bank_Corp,Mayflower Bancorp Inc,PASS_LOSS_PROB,best_candidate_loss_probability_above_ceiling,PASS,STOCK,17.91,18.42,17.24,4.42,3.72,mean,3.72,-2.85,-2.85,86.2,18.7,-2.37,-44.72,13.81,18.42,-2.85,3.72,-2.85,86.2,0.86,0.1055,0.0345,external_outcome_probabilities_explicit_three_state,-44.72,-44.72,9.9,9.9,LONG_ACQUIRER,0.395,0.516,0.395,0.0,completed,completed_status_no_realized_f_cash,-2.85,not_evaluated,,,,,,,,,,,,,,,,,,,,,,,,,,,,,,,,,,,,,,,,,,,,,,,,,,,,,,,,,,,,,,,,,,,,,,0,,,,,,,,,,0,,
E000074_20160303_Carmike_Cinemas_Inc__AMC_Entertainment_Holdings_Inc,Carmike Cinemas Inc,PASS_P05,best_candidate_p05_below_floor,PASS,CASH,29.92,32.95,30.99,10.13,3.59,mean,3.59,-33.66,-33.98,14.83,32.95,3.59,-33.66,14.83,32.36,-8.14,-1.97,-8.14,85.35,0.8535,0.1107,0.0357,external_outcome_probabilities_explicit_three_state,-33.66,-35.0,19.85,19.45,SHORT_ACQUIRER,0.051,0.051,0.325,0.0,completed,realized_f_cash,10.49,not_evaluated,,,,,,,,,,,,,,,,,,,,,,,,,,,,,,,,,,,,,,,,,,,,,,,,,,,,,,,,,,,,,,,,,,,,,,0,,,,,,,,,,0,,
E000047_20140602_American_Realty_Capital_Healthcare_Trust_Inc__Ventas_Inc,American Realty Capital He,PASS_LOSS_PROB,best_candidate_loss_probability_above_ceiling,PASS,CASH,10.83,10.91,10.45,2.17,3.52,mean,3.52,-0.72,-0.72,84.87,11.07,-2.18,-25.0,14.72,10.91,-0.72,3.52,-0.72,84.87,0.8514,0.1132,0.0354,external_outcome_probabilities_explicit_three_state,-25.0,-35.0,8.12,7.04,LONG_ACQUIRER,0.152,0.095,0.152,0.0,completed,completed_status_no_realized_f_cash,-0.72,not_evaluated,,,,,,,,,,,,,,,,,,,,,,,,,,,,,,,,,,,,,,,,,,,,,,,,,,,,,,,,,,,,,,,,,,,,,,0,,,,,,,,,,0,,
E000159_20070119_Merrill_Merchants_Bancshares_Inc__Chittenden_Corp,Merrill Merchants Bancshar,PASS_LOSS_PROB,best_candidate_loss_probability_above_ceiling,PASS,CASH,30.5,30.72,29.5,1.34,3.28,mean,3.28,-0.71,-0.71,85.82,30.91,-2.68,-25.0,13.99,30.72,-0.71,3.28,-0.71,85.82,0.8575,0.1082,0.0343,external_outcome_probabilities_explicit_three_state,-25.0,-35.0,22.88,19.83,LONG_ACQUIRER,0.612,0.198,0.612,0.0,completed,completed_status_no_realized_f_cash,-0.71,not_evaluated,,,,,,,,,,,,,,,,,,,,,,,,,,,,,,,,,,,,,,,,,,,,,,,,,,,,,,,,,,,,,,,,,,,,,,0,,,,,,,,,,0,,
E000146_20190107_HopFed_Bancorp_Inc__First_Financial_Corp,HopFed Bancorp Inc,PASS_P05,best_candidate_p05_below_floor,PASS,CASH,18.87,20.54,19.49,8.85,3.28,mean,3.28,-29.46,-30.86,14.03,20.54,3.28,-29.46,14.03,19.24,-1.96,2.66,-1.96,85.91,0.8611,0.1035,0.0354,external_outcome_probabilities_explicit_three_state,-29.46,-35.0,13.31,12.27,SHORT_ACQUIRER,0.058,0.058,0.222,0.0,completed,completed_status_no_realized_f_cash,,not_evaluated,,,,,,,,,,,,,,,,,,,,,,,,,,,,,,,,,,,,,,,,,,,,,,,,,,,,,,,,,,,,,,,,,,,,,,0,,,,,,,,,,0,,
E000184_20160426_First_Clover_Leaf_Financial_Corp__First_Mid_Bancshares_Inc,First Clover Leaf Financia,ENTER,risk_adjusted_return_positive,LONG_TARGET_ELECTION,CASH,11.72,12.69,12.1,8.3,3.27,mean,3.27,-25.0,-27.58,14.02,12.69,3.27,-25.0,14.02,12.46,-6.33,-1.73,-6.33,86.42,0.8606,0.1046,0.0348,external_outcome_probabilities_explicit_three_state,-25.0,-35.0,8.79,7.62,SHORT_ACQUIRER,0.162,0.162,0.371,0.12,completed,completed_status_no_realized_f_cash,,ok,long_target_buy_from_noisy_then_ev_sensitive_then_passive,source_supply,noisy_sellers:0.89|passive_inactive:0.11,source_supply,36317.936,0.0442,3098.8,source_supply,noisy_sellers:0.89|passive_inactive:0.11,0.2666,1.0,,,3098.8,36317.936,0.0442,3.2563,-25.0,14.115,1182.6186,0.0324,42.1316,,,,,source_supply,noisy_sellers:0.89|passive_inactive:0.11,0.2666,1.0,,,3098.8,36317.936,0.0442,3.2563,-25.0,14.115,1182.6186,0.0324,42.1316,,,,,3098.8,36317.936,0.0442,0.0442,2753.75,7006000.0,0.4925,10.0,10.0495,89.5075,0.3,rolling_structural_fit,27.0,0.3,0.1,36.8522,cash,0.0,0.2666,,,1.0,0.0324,42.1316,1,3.2563,-25.0,14.115,0.0093,,,,,,0,,not_within_100pct_target_shares_under_current_terms_and_gates
E000034_20070219_Florida_Rock_Industries_Inc__Vulcan_Materials_Co,Florida Rock Industries In,PASS_LOSS_PROB,best_candidate_loss_probability_above_ceiling,PASS,STOCK,67.99,69.53,65.87,5.93,3.12,mean,3.12,-2.27,-2.27,84.03,72.03,0.08,-30.4,15.68,69.53,-2.27,3.12,-2.27,84.03,0.8459,0.1198,0.0344,external_outcome_probabilities_explicit_three_state,-30.4,-35.0,47.32,44.19,LONG_ACQUIRER,0.189,0.375,0.189,0.0,completed,realized_f_cash,-2.27,not_evaluated,,,,,,,,,,,,,,,,,,,,,,,,,,,,,,,,,,,,,,,,,,,,,,,,,,,,,,,,,,,,,,,,,,,,,,0,,,,,,,,,,0,,
E000116_20150422_Palmetto_Bancshares_Inc__United_Community_Banks_Inc_GA,Palmetto Bancshares Inc,PASS_LOSS_PROB,best_candidate_loss_probability_above_ceiling,PASS,CASH,18.36,18.52,17.79,3.28,3.11,mean,3.11,-0.87,-0.87,85.93,18.96,-0.98,-25.0,13.85,18.52,-0.87,3.11,-0.87,85.93,0.8597,0.1056,0.0348,external_outcome_probabilities_explicit_three_state,-25.0,-35.0,13.77,11.93,LONG_ACQUIRER,0.679,0.268,0.679,0.0,completed,completed_status_no_realized_f_cash,-0.87,not_evaluated,,,,,,,,,,,,,,,,,,,,,,,,,,,,,,,,,,,,,,,,,,,,,,,,,,,,,,,,,,,,,,,,,,,,,,0,,,,,,,,,,0,,
E000185_20080903_Lincoln_Bancorp_IN__First_Merchants_Corp,Lincoln Bancorp/IN,PASS_P05,best_candidate_p05_below_floor,PASS,CASH,14.08,14.41,13.68,7.16,2.86,mean,2.86,-2.34,-2.34,85.89,15.09,1.37,-34.3,13.87,14.41,-2.34,2.86,-2.34,85.89,0.858,0.1077,0.0343,external_outcome_probabilities_explicit_three_state,-34.3,-35.0,9.25,9.15,LONG_ACQUIRER,0.56,0.279,0.56,0.0,completed,completed_status_no_realized_f_cash,-2.34,not_evaluated,,,,,,,,,,,,,,,,,,,,,,,,,,,,,,,,,,,,,,,,,,,,,,,,,,,,,,,,,,,,,,,,,,,,,,0,,,,,,,,,,0,,
E000070_20070603_Digene_Corp__QIAGEN_NV,Digene Corp,ENTER,risk_adjusted_return_positive,LONG_TARGET_ELECTION,CASH,56.25,60.92,57.76,8.3,2.68,mean,2.68,-25.0,-27.21,15.83,60.92,2.68,-25.0,15.83,59.82,-6.34,-0.9,-6.34,83.77,0.84,0.1255,0.0345,external_outcome_probabilities_explicit_three_state,-25.0,-35.0,42.19,36.56,SHORT_ACQUIRER,0.368,0.368,1.595,0.1,completed,completed_status_no_realized_f_cash,,ok,long_target_buy_from_noisy_then_ev_sensitive_then_passive,source_supply,noisy_sellers:0.97|positive_holders:0.03,source_supply,25668799.8325,1.8691,456334.2192,source_supply,noisy_sellers:0.97|positive_holders:0.03,0.5171,1.0,,,456334.2192,25668799.8325,1.8691,2.657,-25.0,15.925,682025.4935,0.9026,43.3243,,,,,source_supply,noisy_sellers:0.97|positive_holders:0.03,0.5171,1.0,,,456334.2192,25668799.8325,1.8691,2.657,-25.0,15.925,682025.4935,0.9026,43.3243,,,,,456334.2192,25668799.8325,1.8691,1.8691,440757.35,24415000.0,0.0,30.0,30.0,70.0,0.5,rolling_structural_default,0.0,0.5,0.3,35.0,stock,0.2127,0.5171,,,1.0,0.9026,43.3243,1,2.657,-25.0,15.925,0.024,,,,,,0,,not_within_100pct_target_shares_under_current_terms_and_gates
E000052_20240628_Infinera_Corp__Nokia_Oyj,Infinera Corp,PASS_P05,best_candidate_p05_below_floor,PASS,STOCK,6.26,6.79,6.43,8.54,2.66,mean,2.66,-35.0,-35.0,15.88,6.79,2.66,-35.0,15.88,6.72,-7.38,-1.46,-7.38,83.53,0.8414,0.1031,0.0555,external_outcome_probabilities_explicit_three_state,-25.0,-35.0,4.7,4.07,SHORT_ACQUIRER,1.08,1.08,0.537,0.0,completed,realized_f_cash,7.83,not_evaluated,,,,,,,,,,,,,,,,,,,,,,,,,,,,,,,,,,,,,,,,,,,,,,,,,,,,,,,,,,,,,,,,,,,,,,0,,,,,,,,,,0,,
E000187_20080409_EP_Medsystems_Inc__St_Jude_Medical_Inc,EP Medsystems Inc,PASS_P05,best_candidate_p05_below_floor,PASS,STOCK,2.85,3.16,2.92,10.9,2.6,mean,2.6,-47.72,-47.72,14.16,3.16,2.6,-47.72,14.16,3.09,-8.48,-0.41,-8.48,85.63,0.858,0.1077,0.0343,external_outcome_probabilities_explicit_three_state,-47.72,-47.72,1.49,1.49,SHORT_ACQUIRER,0.052,0.052,0.03,0.0,completed,realized_f_cash,13.32,not_evaluated,,,,,,,,,,,,,,,,,,,,,,,,,,,,,,,,,,,,,,,,,,,,,,,,,,,,,,,,,,,,,,,,,,,,,,0,,,,,,,,,,0,,
E000100_20110726_S1_Corp__ACI_Worldwide_Inc,S1 Corp,ENTER,risk_adjusted_return_positive,LONG_TARGET_ELECTION,STOCK,9.34,10.07,9.58,7.78,2.58,mean,2.58,-25.0,-27.27,14.83,10.07,2.58,-25.0,14.83,10.04,-7.46,-2.42,-7.46,85.52,0.8528,0.1127,0.0346,external_outcome_probabilities_explicit_three_state,-25.0,-35.0,7.0,6.07,SHORT_ACQUIRER,0.193,0.193,0.106,0.09,completed,completed_status_no_realized_f_cash,,ok,long_target_buy_from_noisy_then_ev_sensitive_then_passive,source_supply,noisy_sellers:0.96|passive_inactive:0.04,source_supply,19657109.7974,3.9028,2104615.61,source_supply,noisy_sellers:0.96|passive_inactive:0.04,0.3117,0.0,,,2104615.61,19657109.7974,3.9028,2.4541,-25.0,15.18,482405.1083,-1.2166,41.8537,,,,,source_supply,noisy_sellers:0.96|passive_inactive:0.04,0.3117,0.0,,,2104615.61,19657109.7974,3.9028,2.4541,-25.0,15.18,482405.1083,-1.2166,41.8537,,,,,2104615.61,19657109.7974,3.9028,3.9028,2027517.5,53926000.0,14.297,0.0,0.0,85.703,0.3,rolling_structural_fit,30.0,0.3,0.0,32.8594,stock,0.2781,0.3117,,,0.0,-1.2166,41.8537,1,2.4541,-25.0,15.18,0.1288,,,,,,0,,not_within_100pct_target_shares_under_current_terms_and_gates
E000180_20191218_MSB_Financial_Corp_MD__Kearny_Financial_Corp_MD,MSB Financial Corp/MD,PASS_LOSS_PROB,best_candidate_loss_probability_above_ceiling,PASS,STOCK,17.86,18.16,17.42,1.72,2.5,mean,2.5,-1.63,-1.63,85.77,18.17,-2.44,-25.0,14.27,18.16,-1.63,2.5,-1.63,85.77,0.8577,0.1065,0.0358,external_outcome_probabilities_explicit_three_state,-25.0,-35.0,13.4,11.61,LONG_ACQUIRER,1.17,1.281,1.17,0.0,completed,completed_status_no_realized_f_cash,-1.63,not_evaluated,,,,,,,,,,,,,,,,,,,,,,,,,,,,,,,,,,,,,,,,,,,,,,,,,,,,,,,,,,,,,,,,,,,,,,0,,,,,,,,,,0,,
E000132_20070125_Civitas_BankGroup_Inc__Green_Bankshares_Inc,Civitas BankGroup Inc,PASS_LOSS_PROB,best_candidate_loss_probability_above_ceiling,PASS,CASH,9.69,9.86,9.45,4.19,2.47,mean,2.47,-1.8,-1.8,85.37,10.1,-0.35,-25.0,14.41,9.86,-1.8,2.47,-1.8,85.37,0.8573,0.1085,0.0343,external_outcome_probabilities_explicit_three_state,-25.0,-35.0,7.27,6.3,LONG_ACQUIRER,0.187,0.075,0.187,0.0,completed,completed_status_no_realized_f_cash,-1.8,not_evaluated,,,,,,,,,,,,,,,,,,,,,,,,,,,,,,,,,,,,,,,,,,,,,,,,,,,,,,,,,,,,,,,,,,,,,,0,,,,,,,,,,0,,
E000118_20110420_Bancorp_Rhode_Island_Inc__Brookline_Bancorp_Inc,Bancorp Rhode Island Inc,PASS_P05,best_candidate_p05_below_floor,PASS,CASH,44.09,47.66,45.17,8.11,2.44,mean,2.44,-30.73,-31.73,14.21,47.66,2.44,-30.73,14.21,45.91,-4.14,1.02,-4.14,85.65,0.8584,0.1072,0.0344,external_outcome_probabilities_explicit_three_state,-30.73,-35.0,30.54,28.66,SHORT_ACQUIRER,0.587,0.587,2.343,0.0,completed,realized_f_cash,4.35,not_evaluated,,,,,,,,,,,,,,,,,,,,,,,,,,,,,,,,,,,,,,,,,,,,,,,,,,,,,,,,,,,,,,,,,,,,,,0,,,,,,,,,,0,,
E000016_20110720_Nalco_Holding_Co__Ecolab_Inc,Nalco Holding Co,PASS_LOSS_PROB,best_candidate_loss_probability_above_ceiling,PASS,CASH,36.34,37.13,35.49,4.93,2.35,mean,2.35,-2.17,-2.17,84.64,38.13,0.05,-25.0,15.14,37.13,-2.17,2.35,-2.17,84.64,0.8465,0.1185,0.035,external_outcome_probabilities_explicit_three_state,-25.0,-35.0,27.26,23.62,LONG_ACQUIRER,0.49,0.196,0.49,0.0,completed,completed_status_no_realized_f_cash,-2.17,not_evaluated,,,,,,,,,,,,,,,,,,,,,,,,,,,,,,,,,,,,,,,,,,,,,,,,,,,,,,,,,,,,,,,,,,,,,,0,,,,,,,,,,0,,
E000107_20210622_County_Bancorp_Inc__Nicolet_Bankshares_Inc,County Bancorp Inc,PASS_P05,best_candidate_p05_below_floor,PASS,CASH,34.31,35.06,33.54,5.32,2.24,mean,2.24,-2.2,-2.2,85.83,36.14,0.61,-27.13,13.58,35.06,-2.2,2.24,-2.2,85.83,0.8605,0.1033,0.0363,external_outcome_probabilities_explicit_three_state,-27.13,-35.0,25.0,22.3,LONG_ACQUIRER,0.384,0.19,0.384,0.0,completed,completed_status_no_realized_f_cash,-2.2,not_evaluated,,,,,,,,,,,,,,,,,,,,,,,,,,,,,,,,,,,,,,,,,,,,,,,,,,,,,,,,,,,,,,,,,,,,,,0,,,,,,,,,,0,,
E000069_20100819_NewAlliance_Bancshares_Inc__First_Niagara_Financial_Group_Inc,NewAlliance Bancshares Inc,PASS_P05,best_candidate_p05_below_floor,PASS,CASH,12.7,13.59,12.97,7.03,2.16,mean,2.16,-25.0,-27.36,14.18,13.59,2.16,-25.0,14.18,13.09,-3.04,1.31,-3.04,85.64,0.856,0.1096,0.0345,external_outcome_probabilities_explicit_three_state,-25.0,-35.0,9.52,8.25,SHORT_ACQUIRER,0.544,0.544,0.946,0.0,completed,realized_f_cash,12.44,not_evaluated,,,,,,,,,,,,,,,,,,,,,,,,,,,,,,,,,,,,,,,,,,,,,,,,,,,,,,,,,,,,,,,,,,,,,,0,,,,,,,,,,0,,
E000153_20190816_Bancorp_of_New_Jersey_Inc__ConnectOne_Bancorp_Inc,Bancorp of New Jersey Inc,PASS_LOSS_PROB,best_candidate_loss_probability_above_ceiling,PASS,CASH,15.71,16.02,15.37,2.72,2.15,mean,2.15,-1.99,-1.99,86.0,16.14,-1.59,-25.0,14.27,16.02,-1.99,2.15,-1.99,86.0,0.8612,0.1035,0.0353,external_outcome_probabilities_explicit_three_state,-25.0,-35.0,11.78,10.21,LONG_ACQUIRER,0.624,0.308,0.624,0.0,completed,completed_status_no_realized_f_cash,-1.99,not_evaluated,,,,,,,,,,,,,,,,,,,,,,,,,,,,,,,,,,,,,,,,,,,,,,,,,,,,,,,,,,,,,,,,,,,,,,0,,,,,,,,,,0,,
E000061_20150817_National_Penn_Bancshares_Inc__Truist_Financial_Corp,National Penn Bancshares I,ENTER,risk_adjusted_return_positive,LONG_TARGET_ELECTION,CASH,11.72,12.56,11.96,7.2,2.04,mean,2.04,-25.0,-27.46,14.9,12.56,2.04,-25.0,14.9,11.88,-1.39,2.59,-1.39,86.17,0.8575,0.1073,0.0352,external_outcome_probabilities_explicit_three_state,-25.0,-35.0,8.79,7.62,SHORT_ACQUIRER,0.088,0.088,0.224,0.07,completed,realized_f_cash,2.69,ok,long_target_buy_from_noisy_then_ev_sensitive_then_passive,source_supply,noisy_sellers:0.73|passive_inactive:0.27,source_supply,11786776.3502,0.7173,1005697.6408,source_supply,noisy_sellers:0.73|passive_inactive:0.27,0.3734,1.0,,,1005697.6408,11786776.3502,0.7173,2.2139,-25.0,14.31,260952.1626,0.4495,42.356,2.6927,317387.8541,2.661,313641.5584,source_supply,noisy_sellers:0.73|passive_inactive:0.27,0.3734,1.0,,,1005697.6408,11786776.3502,0.7173,2.2139,-25.0,14.31,260952.1626,0.4495,42.356,2.6927,317387.8541,2.661,313641.5584,1005697.6408,11786776.3502,0.7173,0.7173,737979.75,140207000.0,19.0945,0.0,0.0,80.9055,0.4,rolling_structural_fit,28.0,0.4,0.0,,,0.6373,0.3734,,,1.0,0.4495,42.356,1,2.2139,-25.0,14.31,-0.17,2.661,2.6927,317387.8541,2.661,313641.5584,1,48.5,pure_noisy_counterparty_self_impact_hits_risk_adjusted_return_below_hurdle
E000127_20060919_Summit_Bank_Corp__UCBH_Holdings_Inc,Summit Bank Corp,PASS_LOSS_PROB,best_candidate_loss_probability_above_ceiling,PASS,CASH,23.3,24.03,22.85,4.62,1.93,mean,1.93,-3.12,-3.12,85.8,24.38,-0.75,-31.59,14.49,24.03,-3.12,1.93,-3.12,85.8,0.8569,0.1088,0.0343,external_outcome_probabilities_explicit_three_state,-31.59,-35.0,15.94,15.15,LONG_ACQUIRER,0.676,0.176,0.676,0.0,completed,completed_status_no_realized_f_cash,-3.12,not_evaluated,,,,,,,,,,,,,,,,,,,,,,,,,,,,,,,,,,,,,,,,,,,,,,,,,,,,,,,,,,,,,,,,,,,,,,0,,,,,,,,,,0,,
E000199_20130129_Somerset_Hills_Bancorp__Lakeland_Bancorp_Inc,Somerset Hills Bancorp,PASS_LOSS_PROB,best_candidate_loss_probability_above_ceiling,PASS,CASH,11.4,11.65,11.19,3.37,1.81,mean,1.81,-2.22,-2.22,86.36,11.78,-0.87,-25.0,13.76,11.65,-2.22,1.81,-2.22,86.36,0.8598,0.1057,0.0345,external_outcome_probabilities_explicit_three_state,-25.0,-35.0,8.55,7.41,LONG_ACQUIRER,1.077,0.671,1.077,0.0,completed,completed_status_no_realized_f_cash,-2.22,not_evaluated,,,,,,,,,,,,,,,,,,,,,,,,,,,,,,,,,,,,,,,,,,,,,,,,,,,,,,,,,,,,,,,,,,,,,,0,,,,,,,,,,0,,
E000054_20240229_Sterling_Check_Corp__First_Advantage_Corp,Sterling Check Corp,PASS_LOSS_PROB,best_candidate_loss_probability_above_ceiling,PASS,CASH,16.08,16.45,15.79,3.79,1.81,mean,1.81,-2.31,-2.31,86.26,16.69,-0.58,-25.0,13.79,16.45,-2.31,1.81,-2.31,86.26,0.8583,0.1029,0.0388,external_outcome_probabilities_explicit_three_state,-25.0,-35.0,12.06,10.45,LONG_ACQUIRER,0.274,0.04,0.274,0.0,completed,realized_f_cash,-2.31,not_evaluated,,,,,,,,,,,,,,,,,,,,,,,,,,,,,,,,,,,,,,,,,,,,,,,,,,,,,,,,,,,,,,,,,,,,,,0,,,,,,,,,,0,,
E000141_20061106_Traffic.com_Inc__NAVTEQ_Corp,Traffic.com Inc,PASS_LOSS_PROB,best_candidate_loss_probability_above_ceiling,PASS,CASH,7.49,7.79,7.36,6.07,1.73,mean,1.73,-3.95,-3.95,85.75,7.94,0.21,-35.91,13.96,7.79,-3.95,1.73,-3.95,85.75,0.857,0.1087,0.0343,external_outcome_probabilities_explicit_three_state,-35.91,-35.91,4.8,4.8,LONG_ACQUIRER,0.117,0.031,0.117,0.0,completed,completed_status_no_realized_f_cash,-3.95,not_evaluated,,,,,,,,,,,,,,,,,,,,,,,,,,,,,,,,,,,,,,,,,,,,,,,,,,,,,,,,,,,,,,,,,,,,,,0,,,,,,,,,,0,,
E000104_20110120_Danvers_Bancorp_Inc__People_s_United_Financial_Inc,Danvers Bancorp Inc,PASS_LOSS_PROB,best_candidate_loss_probability_above_ceiling,PASS,CASH,21.77,22.35,21.42,4.87,1.61,mean,1.61,-2.66,-2.66,85.83,22.83,0.2,-25.0,14.45,22.35,-2.66,1.61,-2.66,85.83,0.8577,0.1078,0.0344,external_outcome_probabilities_explicit_three_state,-25.0,-35.0,16.33,14.15,LONG_ACQUIRER,0.812,0.211,0.812,0.0,completed,realized_f_cash,-2.66,not_evaluated,,,,,,,,,,,,,,,,,,,,,,,,,,,,,,,,,,,,,,,,,,,,,,,,,,,,,,,,,,,,,,,,,,,,,,0,,,,,,,,,,0,,
E000117_20151208_Fox_Chase_Bancorp_Inc__Univest_Financial_Corp,Fox Chase Bancorp Inc,PASS_LOSS_PROB,best_candidate_loss_probability_above_ceiling,PASS,CASH,19.84,20.32,19.52,4.76,1.6,mean,1.6,-2.43,-2.43,86.48,20.78,0.39,-25.0,13.55,20.32,-2.43,1.6,-2.43,86.48,0.8597,0.1055,0.0348,external_outcome_probabilities_explicit_three_state,-25.0,-35.0,14.88,12.9,LONG_ACQUIRER,0.584,0.186,0.584,0.0,completed,realized_f_cash,-2.43,not_evaluated,,,,,,,,,,,,,,,,,,,,,,,,,,,,,,,,,,,,,,,,,,,,,,,,,,,,,,,,,,,,,,,,,,,,,,0,,,,,,,,,,0,,
E000128_20170126_Centrue_Financial_Corp__Midland_States_Bancorp_Inc,Centrue Financial Corp,PASS_LOSS_PROB,best_candidate_loss_probability_above_ceiling,PASS,CASH,25.43,26.1,25.04,4.27,1.54,mean,1.54,-2.63,-2.63,86.12,26.52,-0.19,-25.0,13.96,26.1,-2.63,1.54,-2.63,86.12,0.8605,0.1045,0.035,external_outcome_probabilities_explicit_three_state,-25.0,-35.0,19.07,16.53,LONG_ACQUIRER,0.494,0.178,0.494,0.0,completed,completed_status_no_realized_f_cash,-2.63,not_evaluated,,,,,,,,,,,,,,,,,,,,,,,,,,,,,,,,,,,,,,,,,,,,,,,,,,,,,,,,,,,,,,,,,,,,,,0,,,,,,,,,,0,,
E000109_20151123_CommunityOne_Bancorp__Capital_Bank_Financial_Corp,CommunityOne Bancorp,PASS_LOSS_PROB,best_candidate_loss_probability_above_ceiling,PASS,STOCK,14.1,14.46,13.89,2.79,1.5,mean,1.5,-2.57,-2.57,86.46,14.49,-1.42,-25.0,13.92,14.46,-2.57,1.5,-2.57,86.46,0.8594,0.1058,0.0348,external_outcome_probabilities_explicit_three_state,-25.0,-35.0,10.58,9.16,LONG_ACQUIRER,0.365,0.418,0.365,0.0,completed,completed_status_no_realized_f_cash,-2.57,not_evaluated,,,,,,,,,,,,,,,,,,,,,,,,,,,,,,,,,,,,,,,,,,,,,,,,,,,,,,,,,,,,,,,,,,,,,,0,,,,,,,,,,0,,
E000175_20210623_Cortland_Bancorp__Farmers_National_Banc_Corp,Cortland Bancorp,PASS_LOSS_PROB,best_candidate_loss_probability_above_ceiling,PASS,CASH,26.89,27.63,26.49,3.53,1.48,mean,1.48,-2.76,-2.76,86.09,27.84,-0.79,-25.0,13.85,27.63,-2.76,1.48,-2.76,86.09,0.8617,0.1026,0.0357,external_outcome_probabilities_explicit_three_state,-25.0,-35.0,20.17,17.48,LONG_ACQUIRER,1.312,0.577,1.312,0.0,completed,completed_status_no_realized_f_cash,-2.76,not_evaluated,,,,,,,,,,,,,,,,,,,,,,,,,,,,,,,,,,,,,,,,,,,,,,,,,,,,,,,,,,,,,,,,,,,,,,0,,,,,,,,,,0,,
E000149_20140604_TF_Financial_Corp__National_Penn_Bancshares_Inc,TF Financial Corp,PASS_LOSS_PROB,best_candidate_loss_probability_above_ceiling,PASS,STOCK,42.9,44.25,42.28,5.39,1.45,mean,1.45,-3.14,-3.14,86.09,45.21,0.33,-28.09,14.41,44.25,-3.14,1.45,-3.14,86.09,0.8598,0.1056,0.0346,external_outcome_probabilities_explicit_three_state,-28.09,-35.0,30.85,27.88,LONG_ACQUIRER,2.532,3.622,2.532,0.0,completed,completed_status_no_realized_f_cash,-3.14,not_evaluated,,,,,,,,,,,,,,,,,,,,,,,,,,,,,,,,,,,,,,,,,,,,,,,,,,,,,,,,,,,,,,,,,,,,,,0,,,,,,,,,,0,,
E000173_20190715_Carolina_Trust_Bancshares_Inc__Carolina_Financial_Corp,Carolina Trust Bancshares ,PASS_LOSS_PROB,best_candidate_loss_probability_above_ceiling,PASS,CASH,9.9,10.2,9.78,4.44,1.26,mean,1.26,-3.08,-3.08,85.89,10.34,0.03,-25.0,13.79,10.2,-3.08,1.26,-3.08,85.89,0.8613,0.1034,0.0353,external_outcome_probabilities_explicit_three_state,-25.0,-35.0,7.43,6.44,LONG_ACQUIRER,0.27,0.17,0.27,0.0,completed,completed_status_no_realized_f_cash,-3.08,not_evaluated,,,,,,,,,,,,,,,,,,,,,,,,,,,,,,,,,,,,,,,,,,,,,,,,,,,,,,,,,,,,,,,,,,,,,,0,,,,,,,,,,0,,
E000103_20210729_Misonix_Inc__Bioventus_Inc,Misonix Inc,ENTER,risk_adjusted_return_positive,LONG_TARGET_ELECTION,CASH,26.19,27.69,26.49,5.75,1.13,mean,1.13,-25.0,-27.64,13.81,27.69,1.13,-25.0,13.81,26.81,-2.38,1.73,-2.38,86.22,0.8604,0.1033,0.0363,external_outcome_probabilities_explicit_three_state,-25.0,-35.0,19.64,17.02,SHORT_ACQUIRER,0.217,0.217,0.842,0.04,completed,realized_f_cash,5.25,ok,long_target_buy_from_noisy_then_ev_sensitive_then_passive,source_supply,noisy_sellers:0.52|positive_holders:0.29|passive_inactive:0.19,source_supply,1946932.0464,0.427,74338.757,source_supply,noisy_sellers:0.52|positive_holders:0.29|passive_inactive:0.19,0.4915,1.0,,,74338.757,1946932.0464,0.427,1.0082,-25.0,14.22,19629.7513,0.2171,42.295,5.2506,102225.8051,5.2245,101717.2522,source_supply,noisy_sellers:0.52|positive_holders:0.29|passive_inactive:0.19,0.4915,1.0,,,74338.757,1946932.0464,0.427,1.0082,-25.0,14.22,19629.7513,0.2171,42.295,5.2506,102225.8051,5.2245,101717.2522,74338.757,1946932.0464,0.427,0.427,38309.8,17410000.0,8.2146,10.0,10.895,81.7854,0.2,rolling_structural_fit,30.0,0.2,0.1,,,1.248,0.4915,,,1.0,0.2171,42.295,1,1.0082,-25.0,14.22,0.1198,5.2245,5.2506,102225.8051,5.2245,101717.2522,1,35.0,pure_noisy_counterparty_self_impact_hits_risk_adjusted_return_below_hurdle
E000058_20160919_Isle_of_Capri_Casinos_Inc__Caesars_Entertainment_Inc,Isle of Capri Casinos Inc,PASS_LOSS_PROB,best_candidate_loss_probability_above_ceiling,PASS,STOCK,22.79,23.58,22.55,5.34,1.03,mean,1.03,-3.48,-3.48,85.39,24.01,0.48,-25.0,14.81,23.58,-3.48,1.03,-3.48,85.39,0.8526,0.1114,0.036,external_outcome_probabilities_explicit_three_state,-25.0,-35.0,17.09,14.81,LONG_ACQUIRER,0.688,1.186,0.688,0.0,completed,realized_f_cash,-3.48,not_evaluated,,,,,,,,,,,,,,,,,,,,,,,,,,,,,,,,,,,,,,,,,,,,,,,,,,,,,,,,,,,,,,,,,,,,,,0,,,,,,,,,,0,,
E000237_20070614_Cardinal_State_Bank_Durham_NC__Yadkin_Financial_Corp,Cardinal State Bank/Durham,REVIEW,implausible_cash_vs_stock_term_gap,REVIEW,CASH,16.95,17.52,16.78,3.82,1.02,mean,1.02,-3.36,-3.36,85.77,17.6,-0.64,-25.0,14.37,17.52,-3.36,1.02,-3.36,85.77,0.8581,0.1077,0.0343,external_outcome_probabilities_explicit_three_state,-25.0,-35.0,12.71,11.02,LONG_ACQUIRER,0.385,0.084,0.385,0.0,completed,completed_status_no_realized_f_cash,-3.36,not_evaluated,,,,,,,,,,,,,,,,,,,,,,,,,,,,,,,,,,,,,,,,,,,,,,,,,,,,,,,,,,,,,,,,,,,,,,0,,,,,,,,,,0,,
E000150_20140805_Peoples_Federal_Bancshares_Inc__Independent_Bank_Corp,Peoples Federal Bancshares,ENTER,risk_adjusted_return_positive,LONG_TARGET_ELECTION,CASH,19.64,20.74,19.84,5.61,1.0,mean,1.0,-25.0,-27.33,13.99,20.74,1.0,-25.0,13.99,20.2,-2.87,1.33,-2.87,86.06,0.8598,0.1056,0.0346,external_outcome_probabilities_explicit_three_state,-25.0,-35.0,14.73,12.77,SHORT_ACQUIRER,0.107,0.107,0.331,0.04,completed,completed_status_no_realized_f_cash,,ok,long_target_buy_from_noisy_then_ev_sensitive_then_passive,source_supply,noisy_sellers:0.84|passive_inactive:0.16,source_supply,191908.332,0.1566,9771.3,source_supply,noisy_sellers:0.84|passive_inactive:0.16,0.4,1.0,,,9771.3,191908.332,0.1566,1.055,-25.0,13.82,2024.6777,0.0939,42.6895,,,,,source_supply,noisy_sellers:0.84|passive_inactive:0.16,0.4,1.0,,,9771.3,191908.332,0.1566,1.055,-25.0,13.82,2024.6777,0.0939,42.6895,,,,,9771.3,191908.332,0.1566,0.1566,8191.95,6241000.0,2.5306,0.0,0.0,97.4694,0.4,rolling_structural_fit,30.0,0.4,0.0,40.2531,cash,1.331,0.4,,,1.0,0.0939,42.6895,1,1.055,-25.0,13.82,-0.0515,,,,,,1,40.0,pure_noisy_counterparty_self_impact_hits_risk_adjusted_return_below_hurdle
E000137_20070910_Great_Lakes_Bancorp_Inc__First_Niagara_Financial_Group_Inc,Great Lakes Bancorp Inc,PASS_P05,best_candidate_p05_below_floor,PASS,CASH,13.2,13.94,13.32,5.57,0.94,mean,0.94,-25.0,-27.44,14.02,13.94,0.94,-25.0,14.02,13.75,-4.18,0.23,-4.18,86.02,0.8573,0.1084,0.0343,external_outcome_probabilities_explicit_three_state,-25.0,-35.0,9.9,8.58,SHORT_ACQUIRER,0.13,0.13,0.496,0.0,completed,completed_status_no_realized_f_cash,,not_evaluated,,,,,,,,,,,,,,,,,,,,,,,,,,,,,,,,,,,,,,,,,,,,,,,,,,,,,,,,,,,,,,,,,,,,,,0,,,,,,,,,,0,,
E000131_20170501_ASB_Bancorp_Inc__First_Bancorp_Southern_Pines_NC,ASB Bancorp Inc,PASS_LOSS_PROB,best_candidate_loss_probability_above_ceiling,PASS,STOCK,41.6,42.98,41.22,3.56,0.92,mean,0.92,-3.32,-3.32,86.3,43.08,-0.75,-25.0,13.96,42.98,-3.32,0.92,-3.32,86.3,0.8605,0.1045,0.035,external_outcome_probabilities_explicit_three_state,-25.0,-35.0,31.2,27.04,LONG_ACQUIRER,1.296,1.419,1.296,0.0,completed,completed_status_no_realized_f_cash,-3.32,not_evaluated,,,,,,,,,,,,,,,,,,,,,,,,,,,,,,,,,,,,,,,,,,,,,,,,,,,,,,,,,,,,,,,,,,,,,,0,,,,,,,,,,0,,
E000158_20151001_First_Capital_Bancorp_Inc_VA__Park_Sterling_Corp,First Capital Bancorp Inc/,PASS,both_directions_below_hurdle,PASS,CASH,5.32,5.53,5.3,4.05,0.46,mean,0.46,-3.93,-3.93,86.02,5.54,-0.34,-25.0,13.91,5.53,-3.93,0.46,-3.93,86.02,0.8602,0.1051,0.0347,external_outcome_probabilities_explicit_three_state,-25.0,-35.0,3.99,3.46,LONG_ACQUIRER,0.542,0.216,0.542,0.0,completed,completed_status_no_realized_f_cash,-3.93,not_evaluated,,,,,,,,,,,,,,,,,,,,,,,,,,,,,,,,,,,,,,,,,,,,,,,,,,,,,,,,,,,,,,,,,,,,,,0,,,,,,,,,,0,,
