event_id,target_name,acquirer_name,docs_pulled,unique_filings,sides,top_forms,date_min,date_max,docs_to_claude
E000000_20171214_TFCF_Corp__Walt_Disney_Co_The,TFCF Corp,Walt Disney Co/The,324,24,acquirer,"8-K×254, S-4×31, 424B3×12, S-4/A×10",2018-06-25,2019-11-25,10
E000001_20220526_VMware_Inc__Broadcom_Inc,VMware Inc,Broadcom Inc,572,89,"acquirer,target","425×268, 8-K×227, DEFA14A×48, S-4/A×11",2022-03-31,2024-04-24,10
E000002_20091103_Burlington_Northern_Santa_Fe_LLC__Berkshire_Hathaway_Inc,Burlington Northern Santa Fe LLC,Berkshire Hathaway Inc,535,96,"acquirer,target","8-K×213, 425×152, S-4/A×53, 424B2×52",2009-09-10,2011-09-26,10
E000003_20150528_Broadcom_Corp__Avago_Technologies_Ltd,Broadcom Corp,Avago Technologies Ltd,477,75,"acquirer,target","425×258, 8-K×180, SC TO-T×11, SC TO-T/A×9",2015-04-07,2016-02-02,10
E000004_20180430_Andeavor__Marathon_Petroleum_Corp,Andeavor,Marathon Petroleum Corp,606,106,"acquirer,target","425×295, 8-K×200, DEFA14A×63, S-4/A×25",2018-03-15,2020-04-27,10
E000005_20160125_Johnson_Controls_Inc__Johnson_Controls_International_plc,Johnson Controls Inc,Johnson Controls International plc,854,109,"acquirer,target","8-K×514, 425×282, 424B5×24, S-4×18",2015-12-01,2018-01-19,10
E000006_20190624_Caesars_Holdings_Inc__Caesars_Entertainment_Inc,Caesars Holdings Inc,Caesars Entertainment Inc,696,108,"acquirer,target","8-K×491, 425×97, DEFA14A×28, 8-K/A×24",2019-04-26,2021-06-21,10
E000007_20260419_TopBuild_Corp__QXO_Inc,TopBuild Corp,QXO Inc,386,54,"acquirer,target","8-K×216, 425×110, S-4×22, S-4/A×14",2026-02-25,2026-07-09,10
E000008_20230412_Triton_International_Ltd_Bermuda__Brookfield_Infrastructure_Corp,Triton International Ltd/Bermuda,Brookfield Infrastructure Corp,196,38,"acquirer,target","8-K×107, 425×48, F-4/A×14, 424B5×8",2023-02-14,2025-01-31,10
E000009_20220504_Black_Knight_Inc__Intercontinental_Exchange_Inc,Black Knight Inc,Intercontinental Exchange Inc,609,105,"acquirer,target","8-K×329, 425×200, DEFA14A×28, S-4/A×17",2022-03-17,2024-05-03,10
E000010_20121220_NYSE_Euronext__Intercontinental_Exchange_Inc,NYSE Euronext,Intercontinental Exchange Inc,444,89,"acquirer,target","425×184, 8-K×181, S-4/A×28, S-4×14",2012-11-06,2014-11-04,10
E000011_20090420_Pepsi_Bottling_Group_Inc_The__PepsiCo_Inc,Pepsi Bottling Group Inc/The,PepsiCo Inc,552,115,"acquirer,target","8-K×257, 425×218, DEFA14A×16, SC 13E3/A×16",2009-02-19,2011-04-08,10
E000012_20131023_Cole_Real_Estate_Investment_Inc__VEREIT_Inc,Cole Real Estate Investment Inc,VEREIT Inc,603,104,"acquirer,target","8-K×321, 425×176, DEFA14A×36, S-4/A×33",2013-08-27,2015-10-01,10
E000013_20070216_BBVA_USA_Bancshares_Inc__Banco_Bilbao_Vizcaya_Argentaria_SA,BBVA USA Bancshares Inc,Banco Bilbao Vizcaya Argentaria SA,215,42,acquirer,"425×132, F-4/A×54, F-4×21, 424B3×8",2007-02-16,2008-03-13,10
E000014_20110616_Southern_Union_Co__Energy_Transfer_LP,Southern Union Co,Energy Transfer LP,706,105,"acquirer,target","8-K×369, 425×307, S-4×11, 8-K/A×10",2011-04-22,2013-05-08,10
E000015_20171030_CalAtlantic_Group_Inc_old__Lennar_Corp,CalAtlantic Group Inc/old,Lennar Corp,455,67,"acquirer,target","8-K×214, 425×70, S-4×61, 424B3×28",2017-09-14,2019-10-02,10
E000016_20110720_Nalco_Holding_Co__Ecolab_Inc,Nalco Holding Co,Ecolab Inc,556,104,"acquirer,target","425×309, 8-K×209, 424B5×16, S-4×10",2011-06-28,2013-05-03,9
E000017_20211214_Terminix_Global_Holdings_Inc__Rentokil_Initial_PLC,Terminix Global Holdings Inc,Rentokil Initial PLC,429,61,"acquirer,target","425×281, 8-K×74, F-4/A×34, F-4×28",2021-11-02,2022-10-12,10
E000018_20080317_NYMEX_Holdings_Inc__CME_Group_Inc,NYMEX Holdings Inc,CME Group Inc,540,108,"acquirer,target","8-K×242, 425×143, DEFA14A×135, S-4×12",2008-01-28,2010-03-10,10
E000019_20120430_ETC_Sunoco_Holdings_LLC__ETP_Legacy_LP,ETC Sunoco Holdings LLC,ETP Legacy LP,97,18,target,"8-K×93, 424B4×4",2012-09-21,2014-04-15,10
E000020_20230306_Energy_Harbor_Corp__Vistra_Corp,Energy Harbor Corp,Vistra Corp,312,49,acquirer,"8-K×304, 8-K/A×8",2023-02-01,2025-02-27,10
E000021_20080612_Applied_Biosystems_Inc__Life_Technologies_Corp,Applied Biosystems Inc,Life Technologies Corp,573,104,"acquirer,target","8-K×220, 425×199, DEFA14A×100, 8-K/A×19",2008-04-21,2010-06-01,10
E000022_20140713_URS_Corp__AECOM,URS Corp,AECOM,530,60,"acquirer,target","8-K×268, S-4×131, 425×91, S-4/A×28",2014-06-18,2016-06-01,10
E000023_20070501_Dow_Jones___Co_Inc__TFCF_Corp,Dow Jones & Co Inc,TFCF Corp,164,33,target,"8-K×88, DEFA14A×40, 425×16, 8-K/A×12",2007-03-02,2007-12-07,8
E000024_20161117_Western_Refining_Inc__Andeavor,Western Refining Inc,Andeavor,921,107,"acquirer,target","8-K×569, 425×334, S-4×10, DEFM14A×8",2016-09-19,2018-10-05,10
E000025_20061006_Global_Signal_Inc__Crown_Castle_Inc,Global Signal Inc,Crown Castle Inc,400,67,"acquirer,target","8-K×254, 425×103, S-4/A×12, S-4×11",2006-08-08,2008-07-25,10
E000026_20180502_MTGE_Investment_Corp__Annaly_Capital_Management_Inc,MTGE Investment Corp,Annaly Capital Management Inc,510,82,"acquirer,target","8-K×216, 425×114, SC TO-T/A×72, SC 14D9/A×36",2018-04-10,2020-04-29,10
E000027_20150122_City_National_Corp_CA__Royal_Bank_of_Canada,City National Corp/CA,Royal Bank of Canada,438,106,"acquirer,target","424B2×224, 425×122, 8-K×72, 424B5×16",2014-11-24,2017-01-20,10
E000028_20190402_AmeriGas_Partners_LP__UGI_Corp,AmeriGas Partners LP,UGI Corp,167,29,"acquirer,target","8-K×71, 425×52, SC 13E3×23, SC 13E3/A×17",2019-02-06,2019-08-21,10
E000029_20120827_Hudson_City_Bancorp_Inc__M_T_Bank_Corp,Hudson City Bancorp Inc,M&T Bank Corp,541,94,"acquirer,target","8-K×272, 425×172, S-4/A×29, DEFA14A×21",2012-07-17,2014-07-23,10
E000030_20180906_LaSalle_Hotel_Properties__Pebblebrook_Hotel_Trust,LaSalle Hotel Properties,Pebblebrook Hotel Trust,619,95,"acquirer,target","8-K×358, 425×203, DEFA14A×37, S-4×13",2018-07-10,2020-08-17,10
E000031_20180129_KapStone_Paper_and_Packaging_Corp__Westrock_Co,KapStone Paper and Packaging Corp,Westrock Co,491,69,"acquirer,target","8-K×323, 425×164, DEFM14A×4",2017-12-08,2018-11-05,10
E000032_20170307_TerraForm_Power_Inc__Brookfield_Corp,TerraForm Power Inc,Brookfield Corp,331,60,target,"8-K×270, DEFA14A×39, 8-K/A×14, PREM14A×4",2017-01-06,2018-11-09,6
E000033_20250515_Foot_Locker_Inc__Dick_s_Sporting_Goods_Inc,Foot Locker Inc,Dick's Sporting Goods Inc,459,74,"acquirer,target","425×195, 8-K×194, S-4×27, S-4/A×13",2025-03-26,2026-06-17,10
E000034_20070219_Florida_Rock_Industries_Inc__Vulcan_Materials_Co,Florida Rock Industries Inc,Vulcan Materials Co,394,75,"acquirer,target","8-K×174, 425×74, DEFA14A×66, S-4/A×38",2007-01-10,2009-02-10,10
E000035_20201008_Eaton_Vance_Corp__Morgan_Stanley,Eaton Vance Corp,Morgan Stanley,166,28,target,"8-K×143, 424B5×9, DEFA14A×8, 8-K/A×6",2020-11-03,2022-10-07,10
E000036_20260224_Thermon_Group_Holdings_Inc__CECO_Environmental_Corp,Thermon Group Holdings Inc,CECO Environmental Corp,249,34,"acquirer,target","425×112, 8-K×98, S-4×19, S-4/A×12",2026-02-04,2026-06-09,10
E000037_20090420_PepsiAmericas_Inc__PepsiCo_Inc,PepsiAmericas Inc,PepsiCo Inc,553,104,"acquirer,target","8-K×245, 425×231, DEFA14A×16, SC 13E3/A×16",2009-02-19,2011-04-08,10
E000038_20100415_Mariner_Energy_Inc__Apache_Corp,Mariner Energy Inc,Apache Corp,577,96,"acquirer,target","8-K×238, 425×212, DEFA14A×56, 8-K/A×24",2010-02-18,2012-04-09,10
E000039_20070604_Solectron_Corp__Flex_Ltd,Solectron Corp,Flex Ltd,491,92,"acquirer,target","8-K×177, 425×140, DEFA14A×122, S-4/A×14",2007-04-05,2009-05-29,10
E000040_20170504_Capital_Bank_Financial_Corp__First_Horizon_Corp,Capital Bank Financial Corp,First Horizon Corp,457,80,"acquirer,target","8-K×252, 425×136, DEFA14A×28, S-4/A×14",2017-03-13,2019-04-24,10
E000041_20181009_Antero_Midstream_Partners_LP__Antero_Midstream_Corp,Antero Midstream Partners LP,Antero Midstream Corp,838,106,"acquirer,target","8-K×268, 425×247, SC 13E3/A×217, SC 13E3×44",2018-10-09,2020-08-25,10
E000042_20140113_Foster_Wheeler_AG__Amec_Foster_Wheeler_Ltd,Foster Wheeler AG,Amec Foster Wheeler Ltd,260,60,target,"425×151, 8-K×49, SC TO-T/A×48, SC 14D9/A×12",2013-11-22,2014-12-09,10
E000043_20181109_Finisar_Corp__Coherent_Corp,Finisar Corp,Coherent Corp,704,100,"acquirer,target","425×294, 8-K×243, 8-K/A×131, DEFA14A×16",2018-09-10,2020-11-05,10
E000044_20060905_Veritas_DGC_Inc__Viridien,Veritas DGC Inc,Viridien,226,49,target,"DEFA14A×107, 425×72, 8-K×39, DEFM14A×4",2006-09-05,2007-02-05,5
E000045_20200207_FGL_Holdings__Fidelity_National_Financial_Inc,FGL Holdings,Fidelity National Financial Inc,505,85,"acquirer,target","8-K×289, 425×146, DEFA14A×20, 424B5×12",2020-01-03,2022-01-05,10
E000046_20140321_LIN_Media_LLC__Media_General_Inc,LIN Media LLC,Media General Inc,708,98,"acquirer,target","8-K×297, 425×250, 8-K/A×123, S-4/A×10",2014-01-29,2016-03-10,10
E000047_20140602_American_Realty_Capital_Healthcare_Trust_Inc__Ventas_Inc,American Realty Capital Healthcare Trust Inc,Ventas Inc,619,108,"acquirer,target","8-K×367, 425×129, DEFA14A×26, 424B5×20",2014-04-03,2016-05-27,10
E000048_20071207_Rovi_Guides_Inc__Rovi_Corp,Rovi Guides Inc,Rovi Corp,482,39,"acquirer,target","8-K×224, S-4/A×144, 425×72, 8-K/A×22",2008-01-23,2009-11-05,10
E000049_20140911_Conversant_Inc__Bread_Financial_Holdings_Inc,Conversant Inc,Bread Financial Holdings Inc,446,80,"acquirer,target","8-K×263, 425×168, S-4×7, DEFM14A×4",2014-07-15,2016-09-08,9
E000050_20140917_Auxilium_Pharmaceuticals_LLC__Endo_International_PLC,Auxilium Pharmaceuticals LLC,Endo International PLC,574,112,"acquirer,target","8-K×294, 425×215, S-4/A×12, DEFA14A×12",2014-07-31,2016-08-08,10
E000051_20140312_EPL_Oil___Gas_Inc__Energy_XXI_Ltd,EPL Oil & Gas Inc,Energy XXI Ltd,578,94,"acquirer,target","8-K×322, 425×189, S-4/A×33, S-4×14",2014-01-21,2016-03-07,10
E000052_20240628_Infinera_Corp__Nokia_Oyj,Infinera Corp,Nokia Oyj,313,55,"acquirer,target","425×148, 8-K×128, F-4×14, F-4/A×9",2024-05-13,2025-02-28,10
E000053_20140428_Susser_Holdings_Corp__ETP_Legacy_LP,Susser Holdings Corp,ETP Legacy LP,120,24,target,"8-K×58, 425×32, DEFA14A×26, DEFM14A×4",2014-04-15,2014-08-29,10
E000054_20240229_Sterling_Check_Corp__First_Advantage_Corp,Sterling Check Corp,First Advantage Corp,506,86,"acquirer,target","425×268, 8-K×206, DEFA14A×12, S-4×9",2024-02-29,2026-02-26,10
E000055_20240516_SilverBow_Resources_Inc__Crescent_Energy_Co,SilverBow Resources Inc,Crescent Energy Co,622,95,"acquirer,target","8-K×275, 425×185, DEFA14A×62, S-4×39",2024-03-19,2026-05-04,10
E000056_20080609_Hilb_Rogal___Hobbs_Co__Willis_Towers_Watson_PLC,Hilb Rogal & Hobbs Co,Willis Towers Watson PLC,454,80,"acquirer,target","8-K×228, 425×161, DEFA14A×17, 8-K/A×15",2008-04-24,2010-05-17,10
E000057_20250806_Aris_Water_Solution_Inc__Western_Midstream_Partners_LP,Aris Water Solution Inc,Western Midstream Partners LP,206,29,"acquirer,target","8-K×101, 425×72, S-4×15, S-4/A×6",2025-07-31,2026-06-25,10
E000058_20160919_Isle_of_Capri_Casinos_Inc__Caesars_Entertainment_Inc,Isle of Capri Casinos Inc,Caesars Entertainment Inc,630,76,"acquirer,target","8-K×466, 425×85, S-4×23, S-4/A×15",2016-08-04,2018-09-07,10
E000059_20100118_Brink_s_Home_Security_Holdings_Inc__Johnson_Controls_International_plc,Brink's Home Security Holdings Inc,Johnson Controls International plc,454,77,"acquirer,target","8-K×206, 425×123, DEFA14A×79, S-4/A×15",2009-11-19,2012-01-13,10
E000060_20070627_Chittenden_Corp__People_s_United_Financial_Inc,Chittenden Corp,People's United Financial Inc,456,82,"acquirer,target","8-K×278, 425×92, DEFA14A×26, S-4×22",2007-05-04,2009-04-27,10
E000061_20150817_National_Penn_Bancshares_Inc__Truist_Financial_Corp,National Penn Bancshares Inc,Truist Financial Corp,593,82,"acquirer,target","8-K×431, 425×90, 424B3×16, S-4/A×13",2015-06-22,2017-07-20,10
E000062_20070129_First_Republic_Bank_Old__Merrill_Lynch___Co_Inc,First Republic Bank/Old,Merrill Lynch & Co Inc,369,79,"acquirer,target","8-K×195, 424B3×132, 424B2×20, 424B5×8",2006-11-30,2009-01-22,10
E000063_20160411_Hatteras_Financial_Corp__Annaly_Capital_Management_Inc,Hatteras Financial Corp,Annaly Capital Management Inc,464,74,"acquirer,target","8-K×174, 425×74, SC TO-T/A×65, 424B5×36",2016-02-16,2018-04-10,10
E000064_20180213_Nationstar_Mortgage_Holdings_Inc__Mr_Cooper_Group_Inc,Nationstar Mortgage Holdings Inc,Mr Cooper Group Inc,593,91,"acquirer,target","8-K×328, 425×212, S-4/A×22, S-4×12",2018-01-05,2020-01-16,10
E000065_20101217_Cumulus_Intermediate_Holdings_LLC__Cumulus_Media_Inc,Cumulus Intermediate Holdings LLC,Cumulus Media Inc,455,57,acquirer,"8-K×221, S-4×114, 425×72, S-4/A×19",2010-11-01,2012-11-05,10
E000066_20121108_KAYAK_Software_Corp__Booking_Holdings_Inc,KAYAK Software Corp,Booking Holdings Inc,411,76,"acquirer,target","8-K×230, 425×69, SC TO-T/A×27, S-4/A×21",2012-10-15,2014-11-04,10
E000067_20070906_Alabama_National_Bancorporation__Royal_Bank_of_Canada,Alabama National Bancorporation,Royal Bank of Canada,385,89,"acquirer,target","424B2×172, 8-K×84, 424B5×68, 425×57",2007-07-10,2009-09-04,8
E000068_20181119_Resolute_Energy_Corp__Cimarex_Energy_Co,Resolute Energy Corp,Cimarex Energy Co,387,63,"acquirer,target","8-K×212, 425×98, 8-K/A×23, S-4/A×16",2018-10-11,2020-11-06,10
E000069_20100819_NewAlliance_Bancshares_Inc__First_Niagara_Financial_Group_Inc,NewAlliance Bancshares Inc,First Niagara Financial Group Inc,488,85,"acquirer,target","8-K×223, 425×218, 8-K/A×14, S-4×13",2010-06-25,2012-08-03,10
E000070_20070603_Digene_Corp__QIAGEN_NV,Digene Corp,QIAGEN NV,345,54,"acquirer,target","425×180, 8-K×54, SC TO-T/A×26, F-4×24",2007-04-11,2007-08-07,10
E000071_20101018_AGA_Medical_Holdings_Inc__St_Jude_Medical_Inc,AGA Medical Holdings Inc,St Jude Medical Inc,319,52,"acquirer,target","8-K×133, 425×60, SC TO-T/A×60, SC 14D9/A×16",2010-08-24,2012-10-17,10
E000072_20070214_TALX_Corp__Equifax_Inc,TALX Corp,Equifax Inc,554,95,"acquirer,target","425×285, 8-K×222, S-4/A×12, 8-K/A×11",2007-01-04,2009-02-11,10
E000073_20181030_WildHorse_Resource_Development_Corp__Expand_Energy_Corp,WildHorse Resource Development Corp,Expand Energy Corp,594,71,"acquirer,target","8-K×400, 425×97, S-4×30, 8-K/A×12",2018-09-12,2020-10-09,10
E000074_20160303_Carmike_Cinemas_Inc__AMC_Entertainment_Holdings_Inc,Carmike Cinemas Inc,AMC Entertainment Holdings Inc,625,107,"acquirer,target","8-K×351, 425×105, DEFA14A×72, S-4×31",2016-01-12,2018-03-01,10
E000075_20200806_Sirius_International_Insurance_Group_Ltd__SiriusPoint_Ltd,Sirius International Insurance Group Ltd,SiriusPoint Ltd,1006,84,"acquirer,target","8-K×732, 425×198, S-4/A×18, 8-K/A×13",2020-06-08,2022-08-03,10
E000076_20070816_First_Charter_Corp__Fifth_Third_Bancorp,First Charter Corp,Fifth Third Bancorp,491,87,"acquirer,target","8-K×318, 425×66, DEFA14A×20, SC TO-I/A×18",2007-07-03,2009-08-12,10
E000077_20060727_Fidelity_Bankshares_Inc__National_City_Corp,Fidelity Bankshares Inc,National City Corp,480,92,"acquirer,target","425×236, 8-K×181, 424B2×16, 8-K/A×16",2006-06-14,2008-07-24,10
E000078_20201005_Eidos_Therapeutics_Inc__Bridgebio_Pharma_Inc,Eidos Therapeutics Inc,Bridgebio Pharma Inc,382,69,"acquirer,target","8-K×253, 425×83, S-4×13, S-4/A×9",2020-08-06,2022-09-23,10
E000079_20250113_Enfusion_Inc__Clearwater_Analytics_Holdings_Inc,Enfusion Inc,Clearwater Analytics Holdings Inc,426,67,"acquirer,target","8-K×196, 425×94, DEFA14A×55, SC 13E3×27",2024-12-20,2026-06-25,10
E000080_20091021_Switch___Data_Facilities_Co_Inc__Equinix_Inc,Switch & Data Facilities Co Inc,Equinix Inc,441,80,"acquirer,target","8-K×233, 425×130, DEFA14A×48, S-4/A×11",2009-09-08,2011-10-19,10
E000081_20150507_Micrel_Inc__Microchip_Technology_Inc,Micrel Inc,Microchip Technology Inc,431,73,"acquirer,target","425×214, 8-K×146, S-4/A×35, S-4×19",2015-04-13,2017-02-15,10
E000082_20070501_Community_Banks_Inc_PA__Susquehanna_Bancshares_Inc,Community Banks Inc/PA,Susquehanna Bancshares Inc,432,75,"acquirer,target","8-K×268, 425×52, DEFA14A×48, S-4/A×14",2007-03-05,2009-04-22,10
E000083_20120723_GeoEye_Inc__DigitalGlobe_Inc,GeoEye Inc,DigitalGlobe Inc,508,80,"acquirer,target","8-K×229, 425×205, S-4/A×29, S-4×13",2012-05-25,2014-07-01,10
E000084_20100813_Allis-Chalmers_Energy_Inc__Archer_Ltd,Allis-Chalmers Energy Inc,Archer Ltd,305,49,"acquirer,target","425×100, 8-K×86, DEFA14A×72, F-4×21",2010-06-21,2011-07-27,10
E000085_20180607_AV_Homes_Inc__Taylor_Morrison_Home_Corp,AV Homes Inc,Taylor Morrison Home Corp,513,88,"acquirer,target","425×248, 8-K×183, S-4×24, S-4/A×20",2018-04-17,2020-06-02,10
E000086_20101222_Sonic_Solutions_LLC__Rovi_Corp,Sonic Solutions LLC,Rovi Corp,407,66,"acquirer,target","8-K×149, 425×147, SC TO-T/A×26, 8-K/A×16",2010-10-28,2012-11-01,10
E000087_20200113_Primo_Water_Operations_Inc__Primo_Water_Corp,Primo Water Operations Inc,Primo Water Corp,438,68,"acquirer,target","8-K×197, 425×153, SC TO-T/A×20, SC 14D9/A×16",2019-11-27,2021-11-04,10
E000088_20160825_AEP_Industries_Inc__Berry_Global_Group_Inc,AEP Industries Inc,Berry Global Group Inc,463,65,"acquirer,target","8-K×299, 425×114, S-4/A×32, S-4×10",2016-07-22,2018-08-03,10
E000089_20170828_IXYS_Corp__Littelfuse_Inc,IXYS Corp,Littelfuse Inc,313,51,"acquirer,target","8-K×175, 425×88, S-4/A×19, DEFA14A×8",2017-07-18,2019-08-28,10
E000090_20200115_Pope_Resources_a_Delaware_LP__Rayonier_Inc,Pope Resources a Delaware LP,Rayonier Inc,351,58,"acquirer,target","8-K×200, 425×48, DEFA14A×45, 8-K/A×18",2020-01-15,2021-11-30,10
E000091_20070923_C-COR_Inc_Old__ARRIS_Group_Inc,C-COR Inc/Old,ARRIS Group Inc,130,25,target,"8-K×53, DEFA14A×43, 425×26, PREM14A×4",2007-08-27,2007-12-10,10
E000092_20100419_GEO_Reentry_Inc__GEO_Group_Inc_The,GEO Reentry Inc,GEO Group Inc/The,658,56,"acquirer,target","8-K×300, S-4/A×126, 425×82, S-4×44",2010-02-22,2012-03-23,10
E000093_20130909_MTR_Gaming_Group_Inc__Caesars_Entertainment_Inc,MTR Gaming Group Inc,Caesars Entertainment Inc,512,86,"acquirer,target","8-K×252, 425×189, S-4/A×42, S-4×12",2013-08-06,2015-08-10,10
E000094_20170710_Hawaiian_Telcom_Holdco_Inc__Cincinnati_Bell_Inc,Hawaiian Telcom Holdco Inc,Cincinnati Bell Inc,472,72,"acquirer,target","8-K×209, 425×180, DEFA14A×40, S-4×12",2017-06-01,2019-05-15,10
E000095_20080520_China_Water___Drinks_Inc__Nuverra_Environmental_Solutions_Inc,China Water & Drinks Inc,Nuverra Environmental Solutions Inc,357,53,"acquirer,target","8-K×209, 425×62, S-4/A×48, 424B3×20",2008-04-15,2010-05-18,10
E000096_20120206_SureWest_Communications_Old__Consolidated_Communications_Holdings_Inc,SureWest Communications/Old,Consolidated Communications Holdings Inc,600,90,"acquirer,target","8-K×270, 425×194, S-4/A×42, S-4×40",2011-12-20,2013-12-23,10
E000097_20070719_Partners_Trust_Financial_Group_Inc__M_T_Bank_Corp,Partners Trust Financial Group Inc,M&T Bank Corp,290,51,"acquirer,target","8-K×174, 425×46, S-4/A×22, S-4×16",2007-05-21,2009-05-28,10
E000098_20100826_Wesco_Financial_Corp__Berkshire_Hathaway_Inc,Wesco Financial Corp,Berkshire Hathaway Inc,310,57,"acquirer,target","8-K×144, 424B2×44, SC 13E3/A×30, S-4/A×27",2010-08-09,2012-05-16,10
E000099_20170501_Angie_s_List_Inc__Match_Group_Inc,Angie's List Inc,Match Group Inc,465,62,"acquirer,target","8-K×315, 425×114, DEFA14A×32, DEFM14A×4",2017-04-28,2019-04-30,10
E000100_20110726_S1_Corp__ACI_Worldwide_Inc,S1 Corp,ACI Worldwide Inc,601,109,"acquirer,target","8-K×246, 425×130, DEFA14A×73, SC TO-T/A×72",2011-06-17,2013-06-13,10
E000101_20150622_Martha_Stewart_Living_Omnimedia_Inc__SQBG_Inc,Martha Stewart Living Omnimedia Inc,SQBG Inc,212,35,"acquirer,target","8-K×131, 425×39, 8-K/A×21, DEFA14A×17",2015-04-30,2015-12-04,10
E000102_20250424_HarborOne_Bancorp_Inc__Eastern_Bankshares_Inc,HarborOne Bancorp Inc,Eastern Bankshares Inc,383,58,"acquirer,target","8-K×163, 425×132, 8-K/A×31, DEFA14A×26",2025-03-27,2026-05-19,10
E000103_20210729_Misonix_Inc__Bioventus_Inc,Misonix Inc,Bioventus Inc,510,65,"acquirer,target","8-K×278, S-4/A×121, 425×61, 8-K/A×20",2021-06-23,2023-06-09,10
E000104_20110120_Danvers_Bancorp_Inc__People_s_United_Financial_Inc,Danvers Bancorp Inc,People's United Financial Inc,427,69,"acquirer,target","8-K×243, 425×137, DEFA14A×12, S-4/A×11",2010-11-22,2013-01-18,9
E000105_20170630_Sun_Bancorp_Inc_NJ__OceanFirst_Financial_Corp,Sun Bancorp Inc/NJ,OceanFirst Financial Corp,470,81,"acquirer,target","8-K×258, 425×146, S-4/A×25, S-4×23",2017-05-04,2019-06-27,10
E000106_20160112_Anchor_BanCorp_Wisconsin_Inc__Old_National_Bancorp_IN,Anchor BanCorp Wisconsin Inc,Old National Bancorp/IN,437,76,"acquirer,target","425×233, 8-K×146, S-4/A×24, S-4×18",2016-01-12,2017-12-22,10
E000107_20210622_County_Bancorp_Inc__Nicolet_Bankshares_Inc,County Bancorp Inc,Nicolet Bankshares Inc,414,65,"acquirer,target","8-K×308, S-4×33, 425×31, S-4/A×30",2021-04-23,2023-05-16,10
E000108_20100202_COMSYS_IT_Partners_Inc__ManpowerGroup_Inc,COMSYS IT Partners Inc,ManpowerGroup Inc,346,51,"acquirer,target","8-K×155, 425×95, SC TO-T/A×42, S-4×18",2010-01-07,2012-02-01,10
E000109_20151123_CommunityOne_Bancorp__Capital_Bank_Financial_Corp,CommunityOne Bancorp,Capital Bank Financial Corp,416,73,"acquirer,target","8-K×236, 425×119, S-4/A×28, DEFA14A×12",2015-10-21,2017-11-17,10
E000110_20070702_North_Pittsburgh_Systems_Inc__Consolidated_Communications_Holdings_Inc,North Pittsburgh Systems Inc,Consolidated Communications Holdings Inc,427,68,"acquirer,target","8-K×240, 425×142, DEFA14A×19, S-4×11",2007-05-10,2009-05-27,10
E000111_20110620_Tower_Bancorp_Inc__Susquehanna_Bancshares_Inc,Tower Bancorp Inc,Susquehanna Bancshares Inc,465,84,"acquirer,target","8-K×279, 425×78, DEFA14A×60, S-4/A×14",2011-04-27,2013-05-15,10
E000112_20161024_Merchants_Bancshares_Inc_VT__Community_Financial_System_Inc,Merchants Bancshares Inc/VT,Community Financial System Inc,313,59,"acquirer,target","8-K×232, 425×27, S-4/A×18, DEFA14A×13",2016-09-19,2018-10-22,10
E000113_20080220_ProCentury_Corp__Ameritrust_Group_Inc,ProCentury Corp,Ameritrust Group Inc,307,55,"acquirer,target","8-K×204, 425×46, DEFA14A×23, S-4×11",2008-02-04,2010-02-18,10
E000114_20150127_Courier_Corp__RR_Donnelley___Sons_Co,Courier Corp,RR Donnelley & Sons Co,402,69,"acquirer,target","8-K×256, 425×115, S-4/A×11, S-4×8",2014-12-23,2016-12-15,10
E000115_20100410_Boots___Coots_LLC__Halliburton_Co,Boots & Coots LLC,Halliburton Co,326,64,"acquirer,target","8-K×159, 425×68, DEFA14A×45, S-4/A×21",2010-02-10,2012-04-03,10
E000116_20150422_Palmetto_Bancshares_Inc__United_Community_Banks_Inc_GA,Palmetto Bancshares Inc,United Community Banks Inc/GA,377,64,"acquirer,target","8-K×240, 425×55, S-4/A×21, S-4×20",2015-02-25,2017-04-21,10
E000117_20151208_Fox_Chase_Bancorp_Inc__Univest_Financial_Corp,Fox Chase Bancorp Inc,Univest Financial Corp,288,55,"acquirer,target","8-K×217, 425×30, S-4/A×13, S-4×12",2015-10-16,2017-12-06,10
E000118_20110420_Bancorp_Rhode_Island_Inc__Brookline_Bancorp_Inc,Bancorp Rhode Island Inc,Brookline Bancorp Inc,369,61,"acquirer,target","8-K×163, 425×121, S-4/A×27, DEFA14A×24",2011-03-01,2013-01-31,10
E000119_20220524_PCSB_Financial_Corp__Brookline_Bancorp_Inc,PCSB Financial Corp,Brookline Bancorp Inc,276,41,"acquirer,target","8-K×164, 425×56, S-4×17, DEFA14A×16",2022-04-01,2024-05-10,10
E000120_20250403_Old_Point_Financial_Corp__Towne_Bank_Portsmouth_VA,Old Point Financial Corp,Towne Bank/Portsmouth VA,102,18,target,"8-K×62, DEFA14A×31, PREM14A×5, DEFM14A×4",2025-02-19,2025-09-02,9
E000121_20070129_Premier_Community_Bankshares_Inc__United_Bankshares_Inc_WV,Premier Community Bankshares Inc,United Bankshares Inc/WV,219,37,"acquirer,target","8-K×172, DEFA14A×14, S-4×12, 425×11",2006-12-14,2009-01-27,9
E000122_20070720_Oak_Hill_Financial_Inc__WesBanco_Inc,Oak Hill Financial Inc,WesBanco Inc,304,57,"acquirer,target","8-K×233, 425×39, S-4×14, S-4/A×10",2007-05-21,2009-06-10,10
E000123_20130306_Asset_Acceptance_Capital_Corp__Encore_Capital_Group_Inc,Asset Acceptance Capital Corp,Encore Capital Group Inc,455,79,"acquirer,target","8-K×338, 425×56, S-4/A×24, DEFA14A×18",2013-01-15,2015-02-26,10
E000124_20070702_First_Mutual_Bancshares_Inc__WaFd_Inc,First Mutual Bancshares Inc,WaFd Inc,214,40,"acquirer,target","8-K×178, S-4×9, S-4/A×9, 425×8",2007-07-02,2009-05-28,10
E000125_20141215_LNB_Bancorp_Inc__Northwest_Bancshares_Inc,LNB Bancorp Inc,Northwest Bancshares Inc,275,45,"acquirer,target","8-K×181, 425×39, DEFA14A×23, S-4×12",2014-10-17,2016-10-24,9
E000126_20071217_IBT_Bancorp_Inc_PA__S_T_Bancorp_Inc,IBT Bancorp Inc/PA,S&T Bancorp Inc,347,62,"acquirer,target","8-K×290, 8-K/A×17, S-4×10, S-4/A×10",2007-11-01,2009-12-02,10
E000127_20060919_Summit_Bank_Corp__UCBH_Holdings_Inc,Summit Bank Corp,UCBH Holdings Inc,234,46,"acquirer,target","8-K×212, DEFA14A×5, DEFM14A×5, PREM14A×4",2006-07-28,2008-09-10,10
E000128_20170126_Centrue_Financial_Corp__Midland_States_Bancorp_Inc,Centrue Financial Corp,Midland States Bancorp Inc,396,63,"acquirer,target","8-K×209, 425×101, S-4/A×37, S-4×20",2017-01-26,2019-01-24,10
E000129_20191001_Altera_Infrastructure_LP__Brookfield_Business_Partners_LP,Altera Infrastructure LP,Brookfield Business Partners LP,32,4,target,"SC 13E3/A×20, SC 13E3×12",2019-10-28,2020-01-23,8
E000130_20060914_Vision_Bancshares_Inc_AL__Park_National_Corp,Vision Bancshares Inc/AL,Park National Corp,421,74,"acquirer,target","8-K×299, 425×65, S-4×26, S-4/A×23",2006-07-17,2008-09-08,10
E000131_20170501_ASB_Bancorp_Inc__First_Bancorp_Southern_Pines_NC,ASB Bancorp Inc,First Bancorp/Southern Pines NC,315,57,"acquirer,target","8-K×204, 425×83, S-4×9, S-4/A×9",2017-03-03,2019-04-23,10
E000132_20070125_Civitas_BankGroup_Inc__Green_Bankshares_Inc,Civitas BankGroup Inc,Green Bankshares Inc,246,46,"acquirer,target","8-K×167, S-4/A×21, 425×18, S-4×12",2007-01-23,2009-01-23,10
E000133_20061101_Business_Bank_Corp__City_National_Corp_CA,Business Bank Corp,City National Corp/CA,237,46,"acquirer,target","8-K×198, 8-K/A×14, S-4/A×10, S-4×7",2006-10-10,2008-10-27,9
E000135_20090908_Intellon_Corp__Qualcomm_Atheros_Inc,Intellon Corp,Qualcomm Atheros Inc,140,31,target,"425×90, 8-K×41, DEFA14A×5, DEFM14A×4",2009-07-29,2009-12-15,10
E000136_20130422_Met-Pro_Corp__CECO_Environmental_Corp,Met-Pro Corp,CECO Environmental Corp,487,64,"acquirer,target","425×230, 8-K×182, S-4/A×30, 8-K/A×21",2013-03-04,2015-04-10,10
E000137_20070910_Great_Lakes_Bancorp_Inc__First_Niagara_Financial_Group_Inc,Great Lakes Bancorp Inc,First Niagara Financial Group Inc,292,55,acquirer,"8-K×238, 425×23, 424B2×12, S-4×10",2007-07-31,2009-09-09,10
E000138_20141030_Integrity_Bancshares_Inc_PA__S_T_Bancorp_Inc,Integrity Bancshares Inc/PA,S&T Bancorp Inc,439,52,"acquirer,target","8-K×224, S-4/A×171, DEFA14A×16, S-4×13",2014-09-22,2016-10-20,10
E000139_20151116_High_Point_Bank_Corp__BNC_Bancorp,High Point Bank Corp,BNC Bancorp,321,60,acquirer,"8-K×146, 425×97, S-4/A×25, S-4×19",2015-10-20,2017-06-16,10
E000140_20150504_PMFG_Inc__CECO_Environmental_Corp,PMFG Inc,CECO Environmental Corp,489,75,"acquirer,target","8-K×197, 425×155, DEFA14A×64, S-4/A×37",2015-03-05,2017-04-04,10
E000141_20061106_Traffic.com_Inc__NAVTEQ_Corp,Traffic.com Inc,NAVTEQ Corp,310,47,"acquirer,target","8-K×168, 425×59, DEFA14A×34, S-4/A×16",2006-10-25,2008-07-10,10
E000142_20251020_CNB_Bank_Shares_Inc__HBT_Financial_Inc,CNB Bank Shares Inc,HBT Financial Inc,165,24,acquirer,"8-K×77, S-4×29, 425×27, S-4/A×16",2025-10-20,2026-06-12,10
E000143_20070205_Capital_Bancorp_Inc_TN__Renasant_Corp,Capital Bancorp Inc/TN,Renasant Corp,295,54,"acquirer,target","8-K×205, 425×41, 8-K/A×16, S-4×14",2007-01-05,2009-01-30,10
E000144_20150224_Oneida_Financial_Corp__Community_Financial_System_Inc,Oneida Financial Corp,Community Financial System Inc,239,42,acquirer,"8-K×135, 425×45, S-4/A×26, S-4×21",2015-01-02,2017-02-10,10
E000145_20070516_East_Penn_Financial_Corp__Harleysville_National_Corp,East Penn Financial Corp,Harleysville National Corp,389,72,"acquirer,target","8-K×222, 425×66, S-4/A×28, 8-K/A×27",2007-04-18,2009-05-13,10
E000146_20190107_HopFed_Bancorp_Inc__First_Financial_Corp,HopFed Bancorp Inc,First Financial Corp,365,55,"acquirer,target","8-K×204, 425×70, 8-K/A×38, DEFA14A×23",2018-11-26,2020-11-24,10
E000147_20151130_HF_Financial_Corp__Great_Western_Bancorp_Inc,HF Financial Corp,Great Western Bancorp Inc,473,77,"acquirer,target","8-K×258, 425×186, 8-K/A×9, DEFA14A×8",2015-10-26,2017-10-30,10
E000148_20081215_American_Bancorp_of_New_Jersey_Inc__Investors_Bancorp_Inc,American Bancorp of New Jersey Inc,Investors Bancorp Inc,218,41,"acquirer,target","8-K×190, S-4/A×15, S-4×9, 424B3×4",2008-10-22,2010-10-27,10
E000149_20140604_TF_Financial_Corp__National_Penn_Bancshares_Inc,TF Financial Corp,National Penn Bancshares Inc,393,70,"acquirer,target","8-K×237, 425×117, S-4×10, S-4/A×9",2014-04-17,2016-04-06,10
E000150_20140805_Peoples_Federal_Bancshares_Inc__Independent_Bank_Corp,Peoples Federal Bancshares Inc,Independent Bank Corp,445,77,"acquirer,target","8-K×282, 425×103, S-4×18, S-4/A×18",2014-06-19,2016-07-21,10
E000151_20120531_Beacon_Federal_Bancorp_Inc__Beacon_Financial_Corp,Beacon Federal Bancorp Inc,Beacon Financial Corp,64,13,target,"8-K×49, 425×11, 8-K/A×4",2012-04-02,2012-10-22,10
E000152_20061016_First_Morris_Bank_NJ__Provident_Financial_Services_Inc,First Morris Bank/NJ,Provident Financial Services Inc,183,37,acquirer,"8-K×157, 425×12, S-4×10, 424B3×4",2006-09-13,2008-07-29,9
E000153_20190816_Bancorp_of_New_Jersey_Inc__ConnectOne_Bancorp_Inc,Bancorp of New Jersey Inc,ConnectOne Bancorp Inc,324,56,acquirer,"8-K×266, 425×17, 424B5×12, S-4×9",2019-06-26,2021-08-13,10
E000154_20070604_Community_Bank___Trust_Co_Wolfeboro_NH__Chittenden_Corp,Community Bank & Trust Co/Wolfeboro NH,Chittenden Corp,196,38,acquirer,"8-K×83, 425×69, DEFA14A×22, S-4×13",2007-04-19,2007-12-28,10
E000155_20220119_Denmark_Bancshares_Inc__Bank_First_Corp,Denmark Bancshares Inc,Bank First Corp,280,45,acquirer,"8-K×190, S-4/A×31, 425×18, S-4×16",2022-01-18,2024-01-16,10
E000156_20220324_Emclaire_Financial_Corp__Farmers_National_Banc_Corp,Emclaire Financial Corp,Farmers National Banc Corp,310,47,"acquirer,target","8-K×218, 425×40, DEFA14A×25, S-4×11",2022-01-27,2024-01-24,10
E000157_20060718_Westbank_Corp__NewAlliance_Bancshares_Inc,Westbank Corp,NewAlliance Bancshares Inc,244,43,"acquirer,target","8-K×205, S-4×13, S-4/A×12, 425×6",2006-06-30,2008-07-11,10
E000158_20151001_First_Capital_Bancorp_Inc_VA__Park_Sterling_Corp,First Capital Bancorp Inc/VA,Park Sterling Corp,325,55,"acquirer,target","8-K×187, 425×78, DEFA14A×17, S-4/A×11",2015-08-24,2017-09-12,10
E000159_20070119_Merrill_Merchants_Bancshares_Inc__Chittenden_Corp,Merrill Merchants Bancshares Inc,Chittenden Corp,332,58,"acquirer,target","8-K×154, 425×95, DEFA14A×30, S-4×24",2006-11-21,2007-12-28,10
E000160_20120417_SRS_Labs_Inc__DTS_Inc_CA,SRS Labs Inc,DTS Inc/CA,318,50,"acquirer,target","8-K×168, 425×97, S-4/A×14, 8-K/A×14",2012-02-22,2014-04-14,10
E000161_20151124_Cheviot_Financial_Corp__MainSource_Financial_Group_Inc,Cheviot Financial Corp,MainSource Financial Group Inc,309,60,acquirer,"8-K×151, 425×121, S-4/A×17, S-4×12",2015-10-22,2017-11-07,10
E000162_20080317_Value_Financial_Services_Inc__EZCORP_Inc,Value Financial Services Inc,EZCORP Inc,237,42,acquirer,"8-K×185, S-4/A×34, S-4×11, 8-K/A×7",2008-01-24,2010-03-04,10
E000163_20070627_Web.com_Holding_Co_Inc__Web.com_Group_Inc,Web.com Holding Co Inc,Web.com Group Inc,259,48,acquirer,"8-K×181, 425×41, S-4×19, S-4/A×10",2007-05-02,2009-06-09,9
E000164_20161003_DCB_Financial_Corp_OH__First_Commonwealth_Financial_Corp,DCB Financial Corp/OH,First Commonwealth Financial Corp,270,48,"acquirer,target","8-K×168, 425×60, S-4/A×19, DEFA14A×8",2016-08-10,2018-08-17,10
E000165_20170816_First_Atlantic_Financial_Holdings_Inc__National_Commerce_Corp,First Atlantic Financial Holdings Inc,National Commerce Corp,339,60,acquirer,"8-K×184, 425×99, S-4×24, S-4/A×15",2017-06-19,2019-04-01,10
E000166_20071011_Slade_s_Ferry_Bancorp__Independent_Bank_Corp,Slade's Ferry Bancorp,Independent Bank Corp,391,67,"acquirer,target","8-K×284, 425×30, S-4/A×25, S-4×23",2007-08-15,2009-09-18,10
E000167_20101025_Wilber_Corp__Community_Financial_System_Inc,Wilber Corp,Community Financial System Inc,206,39,acquirer,"8-K×133, 425×26, S-4/A×19, S-4×12",2010-10-25,2012-10-24,10
E000168_20210504_Perpetual_Federal_Savings_Bank_of_Urbana__Farmers___Merchants_Bancorp_Inc_Archbold_OH,Perpetual Federal Savings Bank of Urbana,Farmers & Merchants Bancorp Inc/Archbold OH,107,18,acquirer,"8-K×103, DEFA14A×4",2021-04-29,2023-04-27,6
E000169_20220823_Town_and_Country_Financial_Corp__HBT_Financial_Inc,Town and Country Financial Corp,HBT Financial Inc,323,53,"acquirer,target","8-K×235, 424B3×20, 8-K/A×20, 425×19",2022-07-25,2024-07-30,10
E000170_20080910_American_Community_Bancshares_Inc__Yadkin_Financial_Corp,American Community Bancshares Inc,Yadkin Financial Corp,408,69,"acquirer,target","8-K×227, 425×131, 8-K/A×20, S-4×14",2008-07-29,2010-08-25,10
E000171_20160622_Carolina_Bank_Holdings_Inc__First_Bancorp_Southern_Pines_NC,Carolina Bank Holdings Inc,First Bancorp/Southern Pines NC,422,72,"acquirer,target","8-K×238, 425×120, S-4/A×22, S-4×18",2016-04-27,2018-06-15,10
E000172_20130715_Saehan_Bancorp__Wilshire_Bancorp_Inc,Saehan Bancorp,Wilshire Bancorp Inc,401,79,"acquirer,target","8-K×324, 425×35, S-4/A×13, S-4×9",2013-06-03,2015-06-26,10
E000173_20190715_Carolina_Trust_Bancshares_Inc__Carolina_Financial_Corp,Carolina Trust Bancshares Inc,Carolina Financial Corp,229,39,"acquirer,target","8-K×102, 425×85, DEFA14A×14, S-4×9",2019-05-24,2020-05-01,6
E000174_20141113_Foster_Wheeler_AG__Amec_Foster_Wheeler_Ltd,Foster Wheeler AG,Amec Foster Wheeler Ltd,243,55,target,"425×102, SC TO-T/A×64, 8-K×48, SC TO-T×12",2014-09-26,2014-12-09,10
E000175_20210623_Cortland_Bancorp__Farmers_National_Banc_Corp,Cortland Bancorp,Farmers National Banc Corp,450,71,"acquirer,target","8-K×300, 425×80, S-4×21, 8-K/A×19",2021-04-27,2023-04-26,10
E000176_20160310_LaPorte_Bancorp_Inc__Horizon_Bancorp_Inc_IN,LaPorte Bancorp Inc,Horizon Bancorp Inc/IN,330,60,acquirer,"8-K×170, 425×71, S-4×45, S-4/A×24",2016-01-20,2018-01-24,10
E000177_20191025_Empire_Bancorp_Inc__Flushing_Financial_Corp,Empire Bancorp Inc,Flushing Financial Corp,342,60,acquirer,"8-K×268, 425×49, S-4/A×10, S-4×7",2019-08-27,2021-10-04,9
E000178_20131010_Camco_Financial_Corp__Huntington_Bancshares_Inc_OH,Camco Financial Corp,Huntington Bancshares Inc/OH,384,47,"acquirer,target","8-K×321, S-4/A×19, 424B3×12, 425×10",2013-08-13,2015-09-29,10
E000179_20250924_1st_Colonial_Bancorp_Inc__Mid_Penn_Bancorp_Inc,1st Colonial Bancorp Inc,Mid Penn Bancorp Inc,150,24,acquirer,"8-K×108, S-4/A×11, S-4×10, 425×8",2025-07-29,2026-05-12,10
E000180_20191218_MSB_Financial_Corp_MD__Kearny_Financial_Corp_MD,MSB Financial Corp/MD,Kearny Financial Corp/MD,291,50,acquirer,"8-K×251, S-4×12, 425×8, S-4/A×8",2019-10-24,2021-11-12,9
E000181_20221221_Brunswick_Bancorp__Mid_Penn_Bancorp_Inc,Brunswick Bancorp,Mid Penn Bancorp Inc,275,47,acquirer,"8-K×221, 425×16, S-4×13, S-4/A×9",2022-10-26,2024-12-11,10
E000182_20150303_Alliance_Bancorp_Inc_of_Pennsylvania__WSFS_Financial_Corp,Alliance Bancorp Inc of Pennsylvania,WSFS Financial Corp,253,48,acquirer,"8-K×146, 425×54, S-4×17, S-4/A×15",2015-01-30,2017-02-07,10
E000183_20250723_TC_Bancshares_Inc__Colony_Bankcorp_Inc,TC Bancshares Inc,Colony Bankcorp Inc,129,17,acquirer,"8-K×84, 425×16, S-4/A×13, S-4×12",2025-05-27,2026-06-24,7
E000184_20160426_First_Clover_Leaf_Financial_Corp__First_Mid_Bancshares_Inc,First Clover Leaf Financial Corp,First Mid Bancshares Inc,416,75,"acquirer,target","425×174, 8-K×174, S-4/A×27, S-4×21",2016-03-18,2018-04-26,10
E000185_20080903_Lincoln_Bancorp_IN__First_Merchants_Corp,Lincoln Bancorp/IN,First Merchants Corp,309,64,"acquirer,target","8-K×238, S-4/A×31, 425×12, S-4×11",2008-07-23,2010-09-03,10
E000186_20080215_Iron___Glass_Bancorp_Inc__FNB_Corp_PA,Iron & Glass Bancorp Inc,FNB Corp/PA,322,60,"acquirer,target","8-K×138, 424B2×96, S-4×28, S-4/A×16",2007-12-17,2010-02-01,10
E000187_20080409_EP_Medsystems_Inc__St_Jude_Medical_Inc,EP Medsystems Inc,St Jude Medical Inc,279,53,"acquirer,target","8-K×181, 425×24, 424B7×24, DEFA14A×12",2008-02-25,2010-03-19,10
E000188_20120514_Citizens_South_Banking_Corp__Park_Sterling_Corp,Citizens South Banking Corp,Park Sterling Corp,298,47,"acquirer,target","8-K×167, 425×86, 8-K/A×15, S-4/A×14",2012-04-24,2014-05-14,10
E000189_20070515_Factory_Point_Bancorp_Inc__Beacon_Financial_Corp,Factory Point Bancorp Inc,Beacon Financial Corp,107,20,target,"8-K×96, 8-K/A×11",2007-04-30,2009-04-29,8
E000190_20161104_First_Menasha_Bancshares_Inc__Nicolet_Bankshares_Inc,First Menasha Bancshares Inc,Nicolet Bankshares Inc,165,27,"acquirer,target","8-K×82, 425×53, S-4/A×17, S-4×9",2016-09-14,2018-10-16,10
E000191_20101012_Rome_Bancorp_Inc__Beacon_Financial_Corp,Rome Bancorp Inc,Beacon Financial Corp,77,16,target,"425×35, 8-K×34, DEFM14A×4, DEFA14A×4",2010-10-12,2011-04-01,8
E000192_20060829_Old_Florida_Bankshares_Inc__Bank_of_Florida_Corp,Old Florida Bankshares Inc,Bank of Florida Corp,343,60,"acquirer,target","8-K×187, 425×107, S-4×15, S-4/A×12",2006-07-03,2008-08-22,10
E000193_20070814_Union_Bankshares_Co_ME__Camden_National_Corp,Union Bankshares Co/ME,Camden National Corp,482,81,"acquirer,target","8-K×282, 425×135, DEFA14A×31, S-4×12",2007-06-26,2009-07-28,10
E000194_20150127_National_Bancshares_Corp_OH__Farmers_National_Banc_Corp,National Bancshares Corp/OH,Farmers National Banc Corp,360,60,acquirer,"8-K×192, 425×65, DEFA14A×43, S-4/A×28",2015-01-27,2016-10-21,10
E000195_20210422_SouthCrest_Financial_Group_Inc__Colony_Bankcorp_Inc,SouthCrest Financial Group Inc,Colony Bankcorp Inc,206,31,acquirer,"8-K×151, 8-K/A×15, S-4/A×14, S-4×10",2021-04-13,2023-01-26,10
E000196_20221019_HV_Bancorp_Inc__Citizens_Financial_Services_Inc,HV Bancorp Inc,Citizens Financial Services Inc,331,53,"acquirer,target","8-K×217, 425×70, S-4×14, 8-K/A×9",2022-08-26,2024-07-31,10
E000197_20061011_Potomac_Bank_of_Virginia_Fairfax_VA__Sandy_Spring_Bancorp_Inc,Potomac Bank of Virginia/Fairfax VA,Sandy Spring Bancorp Inc,254,45,acquirer,"8-K×148, 425×53, S-4/A×23, S-4×22",2006-10-11,2008-10-07,10
E000198_20070608_Futura_Banc_Corp__Civista_Bancshares_Inc,Futura Banc Corp,Civista Bancshares Inc,147,27,acquirer,"8-K×103, S-4×12, 425×10, S-4/A×7",2007-04-19,2009-05-01,10
E000199_20130129_Somerset_Hills_Bancorp__Lakeland_Bancorp_Inc,Somerset Hills Bancorp,Lakeland Bancorp Inc,232,44,"acquirer,target","8-K×185, 425×22, S-4×13, 424B3×8",2013-01-24,2014-10-21,10
E000200_20130305_Newport_Bancorp_Inc__SI_Financial_Group_Inc,Newport Bancorp Inc,SI Financial Group Inc,21,4,target,8-K×21,2013-01-25,2013-08-16,6
E000201_20100517_South_Financial_Group_Inc_The__Toronto-Dominion_Bank_The,South Financial Group Inc/The,Toronto-Dominion Bank/The,462,66,"acquirer,target","425×362, 8-K×69, F-4×10, F-4/A×9",2010-03-25,2010-10-06,10
E000203_20160823_Commercial_Bancshares_Inc_OH__Premier_Financial_Corp,Commercial Bancshares Inc/OH,Premier Financial Corp,230,40,"acquirer,target","8-K×141, 425×38, S-4/A×23, DEFA14A×10",2016-07-19,2018-07-31,10
E000205_20100715_Smithtown_Bancorp_Inc__People_s_United_Financial_Inc,Smithtown Bancorp Inc,People's United Financial Inc,420,69,"acquirer,target","8-K×212, 425×131, S-4/A×42, DEFA14A×14",2010-06-25,2012-06-25,10
E000206_20170329_Scottdale_Bank___Trust_Co_The__Mid_Penn_Bancorp_Inc,Scottdale Bank & Trust Co/The,Mid Penn Bancorp Inc,391,46,acquirer,"S-4×152, 8-K×143, 425×55, S-4/A×23",2017-03-29,2019-01-28,10
E000207_20081205_Old_Forge_Bank__Penseco_Financial_Services_Corp,Old Forge Bank,Penseco Financial Services Corp,122,22,acquirer,"8-K×87, S-4/A×13, 8-K/A×11, S-4×11",2008-11-03,2010-11-05,10
E000208_20080109_Shore_Financial_Corp__Xenith_Bankshares_Inc,Shore Financial Corp,Xenith Bankshares Inc,267,52,"acquirer,target","8-K×138, DEFA14A×66, 425×49, PREM14A×5",2007-11-19,2010-01-07,10
E000209_20070625_Christiana_Bank___Trust_Co_DE__National_Penn_Bancshares_Inc,Christiana Bank & Trust Co/DE,National Penn Bancshares Inc,321,60,acquirer,"8-K×206, 425×90, S-4×21, 424B3×4",2007-06-25,2009-06-18,10
E000210_20151005_Community_Bank_of_South_Florida_Inc__CenterState_Bank_Corp,Community Bank of South Florida Inc,CenterState Bank Corp,340,60,acquirer,"8-K×212, 425×58, S-4×40, S-4/A×14",2015-08-24,2017-10-04,10
E000211_20140910_Colonial_Financial_Services_Inc__Cape_Bancorp_Inc,Colonial Financial Services Inc,Cape Bancorp Inc,326,63,"acquirer,target","8-K×188, 425×77, S-4/A×23, S-4×16",2014-07-22,2016-05-02,10
E000212_20070827_Carolina_National_Corp__First_National_Bancshares_Inc_SC,Carolina National Corp,First National Bancshares Inc/SC,307,59,"acquirer,target","8-K×240, 425×26, S-4×18, S-4/A×12",2007-07-03,2009-07-30,8
E000214_20140414_FedFirst_Financial_Corp__CB_Financial_Services_Inc,FedFirst Financial Corp,CB Financial Services Inc,157,26,acquirer,"8-K×79, S-4×32, 425×20, S-4/A×16",2014-04-14,2016-02-17,10
E000215_20120818_Western_Liberty_Bancorp__Western_Alliance_Bancorp,Western Liberty Bancorp,Western Alliance Bancorp,330,34,"acquirer,target","8-K×294, 424B5×24, 8-K/A×12",2012-07-24,2014-08-13,9
E000216_20120501_Central_Bancorp_Inc_MA__Independent_Bank_Corp,Central Bancorp Inc/MA,Independent Bank Corp,443,81,"acquirer,target","8-K×255, 425×87, DEFA14A×35, S-4×20",2012-03-15,2014-04-23,10
E000217_20080108_MFB_Corp__MutualFirst_Financial_Inc,MFB Corp,MutualFirst Financial Inc,345,59,"acquirer,target","8-K×242, 425×61, S-4×18, 8-K/A×11",2007-11-15,2009-12-24,10
E000218_20171107_CBBC_Bancorp__Suncrest_Bank,CBBC Bancorp,Suncrest Bank,119,25,target,"8-K×103, 8-K/A×12, DEFA14A×4",2017-09-27,2019-11-06,8
E000219_20151001_Jacksonville_Bancorp_Inc_FL__Ameris_Bancorp,Jacksonville Bancorp Inc/FL,Ameris Bancorp,308,57,"acquirer,target","8-K×195, 425×40, S-4/A×16, 424B5×16",2015-08-10,2017-07-21,10
E000220_20131002_Investors_Capital_Holdings_Ltd__Aretec_Group_Inc,Investors Capital Holdings Ltd,Aretec Group Inc,87,17,target,"8-K×41, 425×29, 8-K/A×8, DEFA14A×5",2013-08-22,2014-07-11,9
E000221_20250708_PB_Bankshares_Inc__Norwood_Financial_Corp,PB Bankshares Inc,Norwood Financial Corp,196,30,"acquirer,target","8-K×134, 425×21, S-4×19, S-4/A×8",2025-05-29,2026-06-18,10
E000222_20210729_Royal_Financial_Inc__Finward_Bancorp,Royal Financial Inc,Finward Bancorp,344,60,acquirer,"8-K×255, 425×29, DEFA14A×24, S-4×15",2021-07-01,2023-07-26,10
E000223_20171206_Sunshine_Financial_Inc__First_Bancshares_Inc_The,Sunshine Financial Inc,First Bancshares Inc/The,353,60,acquirer,"8-K×143, S-4/A×64, 424B3×44, S-4×42",2017-10-24,2019-11-01,10
E000224_20171116_First_West_Virginia_Bancorp_Inc__CB_Financial_Services_Inc,First West Virginia Bancorp Inc,CB Financial Services Inc,272,52,acquirer,"8-K×189, 425×33, 8-K/A×21, S-4×13",2017-10-27,2019-11-15,10
E000225_20120910_WSB_Holdings_Inc__Old_Line_Bancshares_Inc,WSB Holdings Inc,Old Line Bancshares Inc,539,65,"acquirer,target","8-K×233, S-4/A×157, S-4×72, 425×50",2012-07-23,2014-08-28,10
E000226_20150826_Hopewell_Valley_Community_Bank__Northfield_Bancorp_Inc,Hopewell Valley Community Bank,Northfield Bancorp Inc,173,35,acquirer,"8-K×131, S-4/A×14, 425×8, S-4×8",2015-07-27,2017-08-04,8
E000227_20190624_Shore_Community_Bank__1st_Constitution_Bancorp,Shore Community Bank,1st Constitution Bancorp,195,35,acquirer,"8-K×138, 425×27, S-4×10, S-4/A×8",2019-05-03,2021-06-01,7
E000228_20121018_Luzerne_National_Bank_Corp__Penns_Woods_Bancorp_Inc,Luzerne National Bank Corp,Penns Woods Bancorp Inc,357,71,"acquirer,target","8-K×260, 424B3×37, 425×21, S-4×13",2012-09-21,2014-08-11,10
E000229_20230518_Cincinnati_Bancorp_Inc__LCNB_Corp,Cincinnati Bancorp Inc,LCNB Corp,175,24,acquirer,"8-K×119, S-4×24, S-4/A×24, 424B3×8",2023-04-21,2025-04-22,9
E000230_20160426_Foundation_Bancorp_Inc_WA__Pacific_Continental_Corp,Foundation Bancorp Inc/WA,Pacific Continental Corp,373,70,"acquirer,target","8-K×212, 425×96, S-4/A×28, 8-K/A×9",2016-04-20,2018-04-26,10
E000231_20160601_First_Century_Bankshares_Inc__Summit_Financial_Group_Inc,First Century Bankshares Inc,Summit Financial Group Inc,186,34,acquirer,"8-K×126, S-4/A×20, 425×14, 8-K/A×14",2016-04-26,2018-05-18,10
E000232_20161108_Greer_Bancshares_Inc__Carolina_Financial_Corp,Greer Bancshares Inc,Carolina Financial Corp,219,41,acquirer,"8-K×151, 425×20, S-4×12, S-4/A×9",2016-10-19,2018-10-24,10
E000233_20061214_CN_Bancorp_Inc__Sandy_Spring_Bancorp_Inc,CN Bancorp Inc,Sandy Spring Bancorp Inc,342,52,"acquirer,target","8-K×188, 425×101, S-4/A×23, S-4×22",2006-10-17,2008-12-05,10
E000234_20070830_TSB_Financial_Corp__SOUTHSTATE_BANK_CORP,TSB Financial Corp,SOUTHSTATE BANK CORP,373,68,"acquirer,target","8-K×241, 425×50, 424B3×20, DEFA14A×18",2007-07-13,2009-07-28,10
E000235_20111116_Hampshire_First_Bank__NBT_Bancorp_Inc,Hampshire First Bank,NBT Bancorp Inc,217,40,acquirer,"8-K×110, 425×33, S-4/A×33, S-4×18",2011-10-25,2013-10-29,10
E000236_20141119_Capital_Pacific_Bancorp__Pacific_Continental_Corp,Capital Pacific Bancorp,Pacific Continental Corp,260,48,acquirer,"8-K×151, 425×43, S-4/A×37, S-4×17",2014-10-22,2016-10-26,10
E000237_20070614_Cardinal_State_Bank_Durham_NC__Yadkin_Financial_Corp,Cardinal State Bank/Durham NC,Yadkin Financial Corp,310,60,acquirer,"8-K×183, 425×79, S-4/A×21, 8-K/A×10",2007-04-18,2009-06-05,10
E000238_20070201_ICNB_Financial_Corp__Firstbank_Corp,ICNB Financial Corp,Firstbank Corp,242,45,"acquirer,target","8-K×220, S-4×12, S-4/A×10",2007-01-24,2009-01-30,10
E000239_20160602_Polonia_Bancorp_Inc__Prudential_Bancorp_Inc,Polonia Bancorp Inc,Prudential Bancorp Inc,345,57,"acquirer,target","8-K×203, 425×90, S-4/A×20, 8-K/A×12",2016-04-07,2018-05-16,10
E000240_20130514_Mayflower_Bancorp_Inc__Independent_Bank_Corp,Mayflower Bancorp Inc,Independent Bank Corp,397,70,"acquirer,target","8-K×247, 425×81, S-4×20, DEFA14A×18",2013-03-21,2015-04-20,10
E000241_20120604_First_Trust_Bank__BNC_Bancorp,First Trust Bank,BNC Bancorp,406,60,acquirer,"8-K×247, S-4×69, S-4/A×65, 425×21",2012-04-26,2014-06-02,10
E000242_20160908_Ohio_Legacy_Corp__United_Community_Financial_Corp_OH,Ohio Legacy Corp,United Community Financial Corp/OH,9,2,target,425×9,2017-01-17,2017-01-25,4
E000243_20220614_Peoples-Sidney_Financial_Corp__Farmers___Merchants_Bancorp_Inc_Archbold_OH,Peoples-Sidney Financial Corp,Farmers & Merchants Bancorp Inc/Archbold OH,114,19,acquirer,"8-K×110, DEFA14A×4",2022-04-28,2024-05-30,5
E000244_20191219_FSB_Bancorp_Inc_NY__Evans_Bancorp_Inc,FSB Bancorp Inc/NY,Evans Bancorp Inc,394,72,"acquirer,target","8-K×299, 425×25, S-4×16, S-4/A×16",2019-10-25,2021-11-18,8
E000245_20171024_ASB_Financial_Corp__Peoples_Bancorp_Inc_OH,ASB Financial Corp,Peoples Bancorp Inc/OH,323,56,acquirer,"8-K×276, S-4/A×21, S-4×18, DEFA14A×8",2017-08-30,2019-10-22,10
E000246_20161122_New_Windsor_Bancorp_Inc__ACNB_Corp,New Windsor Bancorp Inc,ACNB Corp,244,45,acquirer,"8-K×178, 425×21, S-4/A×15, S-4×13",2016-10-20,2018-10-29,10
E000247_20110331_Community_Capital_Corp__Park_Sterling_Corp,Community Capital Corp,Park Sterling Corp,432,63,"acquirer,target","8-K×170, 425×137, S-4/A×87, S-4×19",2011-02-07,2013-02-08,10
E000248_20130701_NorCal_Community_Bancorp__Bank_of_Marin_Bancorp,NorCal Community Bancorp,Bank of Marin Bancorp,249,51,acquirer,"8-K×178, 425×52, S-4×11, 424B3×4",2013-05-15,2015-06-02,7
E000249_20240307_Superior_Drilling_Products_Inc__Drilling_Tools_International_Corp,Superior Drilling Products Inc,Drilling Tools International Corp,519,60,"acquirer,target","8-K×235, S-4/A×88, S-4×84, 425×35",2024-03-07,2026-03-05,10
E000250_20150529_Premier_Valley_Bank__Heartland_Financial_USA_Inc,Premier Valley Bank,Heartland Financial USA Inc,354,60,acquirer,"8-K×225, S-4/A×53, S-4×49, 8-K/A×11",2015-04-16,2017-05-26,10
E000251_20231129_Eagle_Financial_Bancorp_Inc__LCNB_Corp,Eagle Financial Bancorp Inc,LCNB Corp,162,24,acquirer,"8-K×135, S-4×12, S-4/A×11, 424B3×4",2023-10-23,2025-11-03,9
E000252_20061221_Citizens_Bancorp_Inc_PA__Citizens___Northern_Corp,Citizens Bancorp Inc/PA,Citizens & Northern Corp,210,38,"acquirer,target","8-K×173, 8-K/A×11, 425×11, S-4×9",2006-10-31,2008-12-16,8
E000254_20170412_Cornerstone_Bancorp_SC__First_Community_Corp_SC,Cornerstone Bancorp/SC,First Community Corp/SC,149,26,"acquirer,target","8-K×76, 425×46, S-4×11, S-4/A×8",2017-04-12,2019-04-12,10
E000255_20131218_South_Street_Financial_Corp__BNC_Bancorp,South Street Financial Corp,BNC Bancorp,363,60,acquirer,"8-K×215, S-4/A×50, S-4×40, 425×26",2013-10-23,2015-12-10,10
E000256_20090513_CNB_Financial_Corp_MA__United_Financial_Bancorp_Inc_Old,CNB Financial Corp/MA,United Financial Bancorp Inc/Old,183,37,"acquirer,target","8-K×167, 424B5×16",2009-03-18,2011-05-09,8
E000257_20101215_North_Penn_Bancorp_Inc__Norwood_Financial_Corp,North Penn Bancorp Inc,Norwood Financial Corp,212,41,acquirer,"8-K×153, 425×31, S-4×12, S-4/A×6",2010-10-21,2012-12-13,10
E000258_20111220_Commercefirst_Bancorp_Inc__Sandy_Spring_Bancorp_Inc,Commercefirst Bancorp Inc,Sandy Spring Bancorp Inc,213,35,"acquirer,target","8-K×127, 425×62, S-4×9, S-4/A×6",2011-12-20,2013-10-17,10
E000259_20120503_Alliance_Bankshares_Corp__WashingtonFirst_Bankshares_Inc,Alliance Bankshares Corp,WashingtonFirst Bankshares Inc,295,52,"acquirer,target","8-K×151, DEFA14A×43, S-4/A×37, S-4×22",2012-03-29,2014-04-30,10
E000260_20130306_San_Diego_Trust_Bank__Pacific_Premier_Bancorp_Inc,San Diego Trust Bank,Pacific Premier Bancorp Inc,339,60,acquirer,"8-K×190, 425×62, S-4/A×45, S-4×24",2013-01-07,2015-02-04,10
E000261_20200106_Community_Shores_Bank_Corp__ChoiceOne_Financial_Services_Inc,Community Shores Bank Corp,ChoiceOne Financial Services Inc,268,40,"acquirer,target","8-K×132, 425×98, S-4/A×16, S-4×13",2019-12-05,2022-01-04,10
E000262_20110914_Mainline_Bancorp_Inc__S_T_Bancorp_Inc,Mainline Bancorp Inc,S&T Bancorp Inc,434,85,"acquirer,target","8-K×340, 425×30, S-4×18, S-4/A×16",2011-07-21,2013-08-01,9
E000263_20061215_First_Brandon_Financial_Corp__Lake_Sunapee_Bank_Group,First Brandon Financial Corp,Lake Sunapee Bank Group,290,52,"acquirer,target","8-K×180, 425×40, S-4×28, 8-K/A×19",2006-11-16,2008-12-03,10
E000264_20060906_BUCS_Financial_Corp__Community_Banks_Inc_PA,BUCS Financial Corp,Community Banks Inc/PA,405,67,"acquirer,target","425×159, 8-K×148, DEFA14A×52, S-4×14",2006-07-18,2007-11-16,10
E000265_20101018_Fort_Orange_Financial_Corp__Chemung_Financial_Corp,Fort Orange Financial Corp,Chemung Financial Corp,222,46,acquirer,"8-K×153, 425×34, S-4/A×14, 8-K/A×9",2010-10-20,2012-08-20,10
E000266_20130815_Rumson-Fair_Haven_Bank___Trust_Co__1st_Constitution_Bancorp,Rumson-Fair Haven Bank & Trust Co,1st Constitution Bancorp,301,30,acquirer,"S-4/A×156, 8-K×113, 425×11, S-4×10",2013-07-02,2015-07-23,10
E000268_20130313_Miscor_Group_Ltd__IES_Holdings_Inc,Miscor Group Ltd,IES Holdings Inc,383,65,"acquirer,target","8-K×174, 425×99, S-4/A×35, 424B3×24",2013-01-28,2015-02-11,10
E000269_20100902_Maryland_Bankcorp_Inc__Old_Line_Bancshares_Inc,Maryland Bankcorp Inc,Old Line Bancshares Inc,170,33,acquirer,"8-K×134, S-4/A×17, S-4×8, 425×6",2010-07-27,2012-08-23,10
E000270_20080310_River_City_Bank_Mechanicsville_VA__Village_Bank_and_Trust_Financial_Corp,River City Bank/Mechanicsville VA,Village Bank and Trust Financial Corp,342,60,"acquirer,target","8-K×282, 425×29, S-4/A×12, S-4×11",2008-01-24,2010-03-01,10
E000271_20121009_First_Capital_Bancshares_Inc_OH__LCNB_Corp,First Capital Bancshares Inc/OH,LCNB Corp,265,50,"acquirer,target","8-K×219, S-4/A×15, S-4×10, 424B5×8",2012-09-17,2014-09-22,10
E000272_20080919_American_Home_Bank_National_Association__First_Chester_County_Corp,American Home Bank National Association,First Chester County Corp,624,120,"acquirer,target","8-K×422, DEFA14A×68, 425×62, 8-K/A×39",2008-07-22,2010-09-02,10
E000274_20211109_Guaranty_Federal_Bancshares_Inc__QCR_Holdings_Inc,Guaranty Federal Bancshares Inc,QCR Holdings Inc,369,58,"acquirer,target","8-K×261, 425×60, S-4×20, S-4/A×8",2021-10-01,2023-11-08,10
E000275_20100825_California_Oaks_State_Bank__CU_Bancorp_Los_Angeles_CA,California Oaks State Bank,CU Bancorp/Los Angeles CA,100,14,acquirer,"S-4/A×37, 425×21, S-4×18, 8-K×15",2012-03-01,2012-08-21,10
E000276_20210218_Bank_of_Fincastle_The__First_National_Corp_VA,Bank of Fincastle/The,First National Corp/VA,207,35,acquirer,"8-K×149, 425×27, S-4×13, DEFA14A×8",2021-02-02,2023-02-13,8
E000277_20160310_Delaware_Bancshares_Inc__Norwood_Financial_Corp,Delaware Bancshares Inc,Norwood Financial Corp,320,62,"acquirer,target","8-K×263, 425×17, 8-K/A×12, S-4×11",2016-01-29,2018-02-28,9
E000278_20090421_Endocare_Inc__HealthTronics_Inc,Endocare Inc,HealthTronics Inc,457,76,"acquirer,target","8-K×179, 425×70, SC TO-T/A×55, S-4/A×41",2009-02-27,2010-07-13,10
E000280_20150624_Tri-State_1st_Banc_Inc__Farmers_National_Banc_Corp,Tri-State 1st Banc Inc,Farmers National Banc Corp,344,60,acquirer,"8-K×196, 425×63, S-4/A×28, DEFA14A×26",2015-04-29,2017-05-12,10
E000281_20080904_State_of_Franklin_Bancshares_Inc__Jefferson_Bancshares_Inc_TN,State of Franklin Bancshares Inc,Jefferson Bancshares Inc/TN,117,22,acquirer,8-K×117,2008-08-01,2010-08-06,8
E000282_20121228_Roebling_Financial_Corp_Inc__TF_Financial_Corp,Roebling Financial Corp Inc,TF Financial Corp,268,48,"acquirer,target","8-K×156, 425×54, DEFA14A×20, S-4×11",2012-12-05,2014-10-30,10
E000283_20140827_Phoenix_Bancorp_Inc__Mid_Penn_Bancorp_Inc,Phoenix Bancorp Inc,Mid Penn Bancorp Inc,193,35,acquirer,"8-K×133, 425×32, S-4×16, S-4/A×7",2014-07-23,2016-08-09,10
E000284_20150626_FNBPA_Bancorp_Inc__Juniata_Valley_Financial_Corp,FNBPA Bancorp Inc,Juniata Valley Financial Corp,249,48,"acquirer,target","8-K×204, S-4×15, 425×14, 424B3×8",2015-05-05,2017-05-22,10
E000285_20071211_Longleaf_Community_Bank__Four_Oaks_Fincorp_Inc,Longleaf Community Bank,Four Oaks Fincorp Inc,297,58,acquirer,"8-K×221, 425×36, S-4×13, 8-K/A×11",2007-10-22,2009-12-08,10
E000286_20140121_Midwest_Bancshares_Inc_OH__Peoples_Bancorp_Inc_OH,Midwest Bancshares Inc/OH,Peoples Bancorp Inc/OH,472,80,"acquirer,target","8-K×327, S-4/A×89, S-4×35, DEFA14A×12",2014-01-21,2016-01-04,10
E000287_20150804_Pascack_Bancorp_Inc__Lakeland_Bancorp_Inc,Pascack Bancorp Inc,Lakeland Bancorp Inc,239,42,acquirer,"8-K×143, 425×38, S-4×20, S-4/A×18",2015-07-22,2017-07-20,10
E000288_20111103_CKF_Bancorp_Inc__Kentucky_First_Federal_Bancorp,CKF Bancorp Inc,Kentucky First Federal Bancorp,166,27,acquirer,"8-K×105, S-4×33, 425×9, S-4/A×9",2011-11-04,2013-10-17,10
E000289_20150303_Patapsco_Bancorp_Inc__Howard_Bancorp_Inc,Patapsco Bancorp Inc,Howard Bancorp Inc,462,44,"acquirer,target","8-K×148, S-4/A×122, S-4×119, 425×38",2015-01-06,2017-02-01,10
E000290_20140529_Virginia_Co_Bank__Eastern_Virginia_Bankshares_Inc,Virginia Co Bank,Eastern Virginia Bankshares Inc,373,49,acquirer,"8-K×151, S-4×151, 424B3×32, 425×29",2014-03-31,2016-05-24,10
E000291_20070814_Sycamore_National_Bank_Cincinnati_Ohio__LCNB_Corp,Sycamore National Bank/Cincinnati Ohio,LCNB Corp,85,17,acquirer,"8-K×67, S-4×5, S-4/A×5, 8-K/A×4",2007-07-17,2009-07-22,10
E000292_20141030_Citizens_National_Bank_of_Meyersdale_The__Riverview_Financial_Corp,Citizens National Bank of Meyersdale/The,Riverview Financial Corp,411,75,"acquirer,target","8-K×307, S-4/A×25, 425×24, SC TO-I/A×17",2014-10-21,2016-10-20,10
E000293_20090115_Apple_Valley_Bank___Trust_Co_The__New_England_Bancshares_Inc,Apple Valley Bank & Trust Co/The,New England Bancshares Inc,237,43,"acquirer,target","8-K×198, S-4×20, DEFA14A×8, S-4/A×7",2008-11-19,2011-01-07,10
E000294_20090630_Community_National_Corp_OH__NB_T_Financial_Group_Inc,Community National Corp/OH,NB&T Financial Group Inc,167,34,acquirer,"8-K×109, 425×31, S-4×13, S-4/A×10",2009-06-16,2011-06-21,10
E000295_20170721_Liberty_Bell_Bank__Partners_Bancorp,Liberty Bell Bank,Partners Bancorp,52,5,acquirer,"S-4/A×30, S-4×18, 424B3×4",2019-03-29,2019-07-08,10
E000296_20150805_Regal_Bancorp_Inc_MD__Old_Line_Bancshares_Inc,Regal Bancorp Inc/MD,Old Line Bancshares Inc,409,79,"acquirer,target","8-K×277, S-4/A×50, 8-K/A×32, S-4×25",2015-06-26,2017-08-01,10
E000297_20201210_GNB_Financial_Services_Inc__LINKBANCORP_Inc,GNB Financial Services Inc,LINKBANCORP Inc,212,28,"acquirer,target","8-K×121, S-4×38, S-4/A×23, 425×16",2021-02-24,2022-10-31,9
E000298_20180531_Mercersburg_Financial_Corp__Orrstown_Financial_Services_Inc,Mercersburg Financial Corp,Orrstown Financial Services Inc,320,60,acquirer,"8-K×207, 425×52, S-4×28, DEFA14A×12",2018-04-18,2020-04-30,10
E000299_20180126_NewDominion_Bank__Park_National_Corp,NewDominion Bank,Park National Corp,272,51,acquirer,"8-K×172, 425×60, S-4×16, S-4/A×16",2017-12-05,2019-12-05,10
E000300_20190514_Virginia_Community_Bankshares_Inc__Blue_Ridge_Bankshares_Inc,Virginia Community Bankshares Inc,Blue Ridge Bankshares Inc,304,56,acquirer,"8-K×170, 425×56, S-4×29, S-4/A×29",2019-05-14,2021-05-05,10
E000301_20190918_MidCoast_Community_Bancorp_Inc__Citizens_Financial_Services_Inc,MidCoast Community Bancorp Inc,Citizens Financial Services Inc,166,31,"acquirer,target","8-K×111, 425×16, DEFA14A×16, S-4×10",2019-07-23,2021-07-23,8
E000302_20200121_Virginia_Bank_Bankshares_Inc__Pinnacle_Bankshares_Corp,Virginia Bank Bankshares Inc,Pinnacle Bankshares Corp,148,26,acquirer,"8-K×55, 425×45, S-4/A×23, S-4×21",2020-01-21,2021-02-24,10
E000303_20191218_Bank_of_Akron__CNB_Financial_Corp_PA,Bank of Akron,CNB Financial Corp/PA,328,56,acquirer,"8-K×278, 424B5×12, 425×12, S-4×10",2019-10-25,2021-11-10,10
E000304_20210527_Aquesta_Financial_Holdings_Inc__United_Community_Banks_Inc_GA,Aquesta Financial Holdings Inc,United Community Banks Inc/GA,333,60,acquirer,"8-K×136, 425×124, S-4/A×31, S-4×22",2021-03-30,2023-05-26,10
E000305_20070223_Landmark_National_Bank_Solana_Beach_CA__1st_Pacific_Bancorp,Landmark National Bank/Solana Beach CA,1st Pacific Bancorp,209,33,acquirer,"8-K×138, 425×32, S-4/A×23, S-4×7",2007-01-31,2009-01-30,10
E000306_20070110_Bank_of_Richmond_NA_The__Gateway_Financial_Holdings_Inc,Bank of Richmond NA/The,Gateway Financial Holdings Inc,314,60,acquirer,"8-K×230, 425×50, S-4/A×12, S-4×9",2006-12-11,2008-12-09,9
E000307_20061117_Independent_Community_Bank_Tequesta_FL__Sun_American_Bancorp,Independent Community Bank/Tequesta FL,Sun American Bancorp,640,111,"acquirer,target","8-K×428, 425×51, S-4/A×30, S-4×25",2006-09-19,2008-11-12,10
E000311_20140703_FNBM_Financial_Corp__GNB_Financial_Services_Inc,FNBM Financial Corp,GNB Financial Services Inc,49,4,acquirer,"S-4×25, S-4/A×20, 424B3×4",2014-10-15,2015-01-08,10
E000313_20161020_Island_Bancorp_Inc__Independent_Bank_Corp,Island Bancorp Inc,Independent Bank Corp,303,60,acquirer,"8-K×221, 425×47, S-4×18, S-4/A×13",2016-09-15,2018-10-18,10
E000314_20251010_SWK_Holdings_Corp__Runway_Growth_Finance_Corp,SWK Holdings Corp,Runway Growth Finance Corp,270,46,"acquirer,target","8-K×157, 425×85, 424B2×12, 424B3×8",2025-08-14,2026-06-25,10
E000315_20250605_Provident_Bancorp_Inc__NB_Bancorp_Inc,Provident Bancorp Inc,NB Bancorp Inc,285,47,"acquirer,target","8-K×181, 425×49, 8-K/A×23, S-4×11",2025-04-22,2026-05-21,10
E000316_20150428_Magna_Bank__Pinnacle_Financial_Partners_In,Magna Bank,Pinnacle Financial Partners In,330,60,acquirer,"425×119, 8-K×117, S-4/A×36, S-4×34",2015-03-10,2017-04-25,10
